player_name,player_id,timeframe,aLevel,Age,TeamName,Date,Team,Opp,BO,Pos,G,AB,PA,H,1B,2B,3B,HR,R,RBI,BB,IBB,SO,HBP,SF,SH,GDP,SB,CS,AVG,BB%,K%,BB/K,OBP,SLG,OPS,ISO,Spd,BABIP,wSB,wRC,wRAA,wOBA,wRC+
Christian Bethancourt,sa503218,last_30,AAA,33,TOR (AAA),Total,- - -,- - -,,,12,44,46,11,3,6,0,2,7,6,1,0,11,0,0,1,0,0,1,.250,2.2%,23.9%,0.09,.267,.523,.789,.273,4.3,.290,-0.5,6,-0.2,.336,100
Christian Bethancourt,sa503218,last_45,AAA,33,TOR (AAA),Total,- - -,- - -,,,18,59,65,14,5,7,0,2,10,6,2,0,15,1,0,3,0,0,1,.237,3.1%,23.1%,0.13,.274,.458,.732,.220,3.8,.286,-0.5,7,-1.2,.318,89
Rafael Ortega,sa506292,last_30,AAA,34,NYM (AAA),Total,- - -,- - -,,,6,17,24,4,1,3,0,0,5,1,7,0,4,0,0,0,0,2,0,.235,29.2%,16.7%,1.75,.458,.412,.870,.176,6.5,.308,0.3,5,1.7,.436,156
Rafael Ortega,sa506292,last_15,AAA,34,NYM (AAA),Total,- - -,- - -,,,6,17,24,4,1,3,0,0,5,1,7,0,4,0,0,0,0,2,0,.235,29.2%,16.7%,1.75,.458,.412,.870,.176,6.5,.308,0.3,5,1.7,.436,156
Rafael Ortega,sa506292,last_7,AAA,34,NYM (AAA),Total,- - -,- - -,,,3,9,13,3,0,3,0,0,3,1,4,0,0,0,0,0,0,2,0,.333,30.8%,0.0%,4.00,.538,.667,1.205,.333,7.1,.333,0.4,4,2.1,.547,223
Christian Bethancourt,sa503218,last_15,AAA,33,TOR (AAA),Total,- - -,- - -,,,5,19,20,4,2,1,0,1,4,2,1,0,5,0,0,0,0,0,1,.211,5.0%,25.0%,0.20,.250,.421,.671,.211,4.6,.231,-0.5,2,-0.8,.292,72
Jon Singleton,sa501596,last_30,AAA,33,- - -,Total,- - -,- - -,,,12,41,55,10,6,1,0,3,9,11,14,0,12,0,0,0,1,1,1,.244,25.5%,21.8%,1.17,.436,.488,.924,.244,2.7,.269,-0.4,11,3.0,.419,148
Carlos Pérez,sa503317,last_15,AAA,34,CHC (AAA),Total,- - -,- - -,,,8,29,36,7,4,2,0,1,7,6,6,0,7,1,0,0,1,0,0,.241,16.7%,19.4%,0.86,.389,.414,.803,.172,2.6,.286,-0.1,6,0.9,.371,114
Carlos Pérez,sa503317,last_7,AAA,34,CHC (AAA),Total,- - -,- - -,,,4,14,17,3,2,1,0,0,3,3,3,0,5,0,0,0,1,0,0,.214,17.6%,29.4%,0.60,.353,.286,.639,.071,2.6,.333,0.0,2,-0.4,.312,75
Carlos Pérez,sa503317,last_30,AAA,34,CHC (AAA),Total,- - -,- - -,,,19,70,85,16,10,3,0,3,15,9,13,0,13,2,0,0,3,0,0,.229,15.3%,15.3%,1.00,.365,.400,.765,.171,2.4,.241,-0.2,12,0.9,.353,102
Carlos Pérez,sa503317,last_45,AAA,34,CHC (AAA),Total,- - -,- - -,,,28,107,125,30,16,6,0,8,22,24,15,0,19,3,0,0,3,0,0,.280,12.0%,15.2%,0.79,.384,.561,.945,.280,1.9,.275,-0.3,24,7.6,.412,140
Jon Singleton,sa501596,last_45,AAA,33,- - -,Total,- - -,- - -,,,18,63,82,16,11,1,0,4,13,12,18,0,21,1,0,0,1,1,1,.254,22.0%,25.6%,0.86,.427,.460,.887,.206,2.6,.316,-0.5,16,3.6,.407,140
Christian Bethancourt,sa503218,last_7,AAA,33,TOR (AAA),Total,- - -,- - -,,,2,8,8,0,0,0,0,0,1,1,0,0,0,0,0,0,0,0,0,.000,0.0%,0.0%,0.00,.000,.000,.000,.000,0.1,.000,0.0,-1,-2.3,.000,-100
Rob Brantly,sa546855,last_45,AAA,35,MIA (AAA),Total,- - -,- - -,,,11,37,39,12,6,5,0,1,4,5,2,0,8,0,0,0,1,0,0,.324,5.1%,20.5%,0.25,.359,.541,.900,.216,1.0,.393,-0.1,7,1.7,.393,139
Rob Brantly,sa546855,last_15,AAA,35,MIA (AAA),Total,- - -,- - -,,,6,21,22,8,4,3,0,1,4,2,1,0,4,0,0,0,1,0,0,.381,4.5%,18.2%,0.25,.409,.667,1.076,.286,1.9,.438,0.0,5,2.3,.464,185
Tucker Barnhart,sa501601,last_45,AAA,34,TEX (AAA),Total,- - -,- - -,,,6,19,21,1,0,1,0,0,0,0,2,0,6,0,0,0,1,0,0,.053,9.5%,28.6%,0.33,.143,.105,.248,.053,0.1,.077,0.0,-1,-4.4,.132,-38
Rob Brantly,sa546855,last_30,AAA,35,MIA (AAA),Total,- - -,- - -,,,10,34,36,12,6,5,0,1,4,5,2,0,6,0,0,0,1,0,0,.353,5.6%,16.7%,0.33,.389,.588,.977,.235,1.0,.407,-0.1,7,2.6,.426,160
Rob Brantly,sa546855,last_7,AAA,35,MIA (AAA),Total,- - -,- - -,,,5,17,18,7,3,3,0,1,3,2,1,0,3,0,0,0,1,0,0,.412,5.6%,16.7%,0.33,.444,.765,1.209,.353,1.3,.462,0.0,5,2.7,.516,219
Rafael Ortega,sa506292,last_45,AAA,34,NYM (AAA),Total,- - -,- - -,,,6,17,24,4,1,3,0,0,5,1,7,0,4,0,0,0,0,2,0,.235,29.2%,16.7%,1.75,.458,.412,.870,.176,6.5,.308,0.3,5,1.7,.436,156
Jurickson Profar,sa549315,last_30,AAA,32,ATL (AAA),Total,- - -,- - -,,,1,2,2,1,1,0,0,0,1,0,0,0,0,0,0,0,0,0,0,.500,0.0%,0.0%,0.00,.500,.500,1.000,.000,2.6,.500,0.0,0,0.2,.458,179
Jon Singleton,sa501596,last_15,AAA,33,- - -,Total,- - -,- - -,,,2,4,8,2,2,0,0,0,1,0,4,0,1,0,0,0,0,0,1,.500,50.0%,12.5%,4.00,.750,.500,1.250,.000,1.9,.667,-0.6,3,1.8,.609,266
Jurickson Profar,sa549315,last_45,AAA,32,ATL (AAA),Total,- - -,- - -,,,13,48,59,16,10,3,0,3,7,9,8,0,6,0,3,0,0,0,0,.333,13.6%,10.2%,1.33,.407,.583,.990,.250,0.7,.310,-0.1,12,4.0,.421,155
Dixon Machado,sa505035,last_15,AAA,33,CHC (AAA),Total,- - -,- - -,,,7,22,28,3,3,0,0,0,3,2,4,0,5,2,0,0,0,0,0,.136,14.3%,17.9%,0.80,.321,.136,.458,.000,2.2,.176,-0.1,2,-2.0,.258,40
Dixon Machado,sa505035,last_7,AAA,33,CHC (AAA),Total,- - -,- - -,,,4,13,16,2,2,0,0,0,2,1,2,0,1,1,0,0,0,0,0,.154,12.5%,6.3%,2.00,.313,.154,.466,.000,2.6,.167,0.0,1,-1.2,.254,38
Dixon Machado,sa505035,last_45,AAA,33,CHC (AAA),Total,- - -,- - -,,,24,76,98,14,10,2,0,2,11,11,17,0,15,3,1,1,1,1,0,.184,17.3%,15.3%,1.13,.351,.289,.640,.105,3.5,.200,0.0,11,-2.2,.314,77
Yolmer Sánchez,sa507106,last_45,AAA,33,LAA (AAA),Total,- - -,- - -,,,33,120,140,32,27,3,0,2,17,11,17,0,28,0,0,3,2,2,0,.267,12.1%,20.0%,0.61,.358,.342,.699,.075,3.8,.333,0.1,17,-3.6,.331,81
Yolmer Sánchez,sa507106,last_7,AAA,33,LAA (AAA),Total,- - -,- - -,,,6,23,27,6,6,0,0,0,6,3,3,0,3,0,0,1,1,0,0,.261,11.1%,11.1%,1.00,.346,.261,.607,.000,2.6,.300,-0.1,3,-1.4,.301,62
Dixon Machado,sa505035,last_30,AAA,33,CHC (AAA),Total,- - -,- - -,,,15,48,62,9,6,1,0,2,8,8,11,0,8,3,0,0,1,1,0,.188,17.7%,12.9%,1.38,.371,.333,.704,.146,4.1,.184,0.0,8,0.0,.341,94
Yolmer Sánchez,sa507106,last_30,AAA,33,LAA (AAA),Total,- - -,- - -,,,22,78,91,16,14,2,0,0,11,5,10,0,18,0,0,3,1,1,0,.205,11.0%,19.8%,0.56,.295,.231,.526,.026,4.3,.267,0.0,5,-8.1,.261,38
Brandon Drury,sa549169,last_45,AAA,32,- - -,Total,- - -,- - -,,,13,44,54,10,7,3,0,0,3,1,9,1,9,1,0,0,2,0,0,.227,16.7%,16.7%,1.00,.370,.295,.666,.068,0.5,.286,-0.1,6,-1.5,.328,80
Yolmer Sánchez,sa507106,last_15,AAA,33,LAA (AAA),Total,- - -,- - -,,,11,38,46,7,7,0,0,0,7,3,7,0,11,0,0,1,1,0,0,.184,15.2%,23.9%,0.64,.311,.184,.495,.000,2.6,.259,-0.1,3,-4.1,.261,38
Brandon Drury,sa549169,last_30,AAA,32,- - -,Total,- - -,- - -,,,13,44,54,10,7,3,0,0,3,1,9,1,9,1,0,0,2,0,0,.227,16.7%,16.7%,1.00,.370,.295,.666,.068,0.5,.286,-0.1,6,-1.5,.328,80
Brandon Drury,sa549169,last_15,AAA,32,- - -,Total,- - -,- - -,,,9,33,39,8,6,2,0,0,1,0,5,1,5,1,0,0,2,0,0,.242,12.8%,12.8%,1.00,.359,.303,.662,.061,0.1,.286,-0.1,4,-1.6,.315,71
Brandon Drury,sa549169,last_7,AAA,32,- - -,Total,- - -,- - -,,,4,17,19,5,4,1,0,0,1,0,1,0,4,1,0,0,2,0,0,.294,5.3%,21.1%,0.25,.368,.353,.721,.059,0.6,.385,0.0,2,-0.3,.342,88
Nick Martini,sa578044,last_45,AAA,35,OAK (AAA),Total,- - -,- - -,,,30,116,146,28,22,5,0,1,22,9,25,1,26,4,1,0,2,0,0,.241,17.1%,17.8%,0.96,.390,.310,.701,.069,2.0,.300,-0.3,19,-2.1,.343,82
Nick Martini,sa578044,last_15,AAA,35,OAK (AAA),Total,- - -,- - -,,,9,36,44,7,5,1,0,1,6,5,7,0,9,1,0,0,0,0,0,.194,15.9%,20.5%,0.78,.341,.306,.646,.111,1.9,.231,-0.1,5,-1.8,.315,64
Nick Martini,sa578044,last_30,AAA,35,OAK (AAA),Total,- - -,- - -,,,19,77,95,19,16,2,0,1,16,5,15,0,19,3,0,0,0,0,0,.247,15.8%,20.0%,0.79,.389,.312,.701,.065,2.4,.316,-0.2,13,-1.2,.346,84
Nick Martini,sa578044,last_7,AAA,35,OAK (AAA),Total,- - -,- - -,,,6,26,31,7,5,1,0,1,5,5,4,0,5,1,0,0,0,0,0,.269,12.9%,16.1%,0.80,.387,.423,.810,.154,2.0,.300,-0.1,5,0.4,.373,100
Austin Barnes,sa578958,last_45,AAA,35,SFG (AAA),Total,- - -,- - -,,,12,35,42,7,7,0,0,0,7,1,6,0,7,1,0,0,2,0,0,.200,14.3%,16.7%,0.86,.333,.200,.533,.000,2.6,.250,-0.1,3,-2.9,.284,61
Austin Barnes,sa578958,last_7,AAA,35,SFG (AAA),Total,- - -,- - -,,,2,6,7,2,2,0,0,0,3,0,1,0,1,0,0,0,0,0,0,.333,14.3%,14.3%,1.00,.429,.333,.762,.000,2.6,.400,0.0,1,0.1,.372,119
Ben Gamel,sa548493,last_45,AAA,33,- - -,Total,- - -,- - -,,,4,13,15,4,2,0,0,2,3,2,1,0,2,1,0,0,1,0,0,.308,6.7%,13.3%,0.50,.400,.769,1.169,.462,1.6,.222,0.0,4,1.6,.478,173
Jorge Alfaro,sa551307,last_45,AAA,32,MIL (AAA),Total,- - -,- - -,,,18,67,70,23,16,3,1,3,13,10,1,0,25,2,0,0,0,1,0,.343,1.4%,35.7%,0.04,.371,.552,.924,.209,7.4,.513,0.0,13,3.8,.405,144
Austin Barnes,sa578958,last_15,AAA,35,SFG (AAA),Total,- - -,- - -,,,5,15,17,4,4,0,0,0,4,1,2,0,4,0,0,0,0,0,0,.267,11.8%,23.5%,0.50,.353,.267,.620,.000,2.6,.364,0.0,2,-0.8,.306,78
Jorge Alfaro,sa551307,last_30,AAA,32,MIL (AAA),Total,- - -,- - -,,,13,47,49,16,11,2,0,3,11,9,1,0,21,1,0,0,0,0,0,.340,2.0%,42.9%,0.05,.367,.574,.942,.234,2.6,.565,-0.1,9,2.9,.410,148
Austin Barnes,sa578958,last_30,AAA,35,SFG (AAA),Total,- - -,- - -,,,12,35,42,7,7,0,0,0,7,1,6,0,7,1,0,0,2,0,0,.200,14.3%,16.7%,0.86,.333,.200,.533,.000,2.6,.250,-0.1,3,-2.9,.284,61
James McCann,sa577015,last_45,AAA,35,ATL (AAA),Total,- - -,- - -,,,2,9,9,4,2,2,0,0,3,1,0,0,4,0,0,0,0,0,0,.444,0.0%,44.4%,0.00,.444,.667,1.111,.222,2.6,.800,0.0,2,1.1,.486,197
Jorge Alfaro,sa551307,last_15,AAA,32,MIL (AAA),Total,- - -,- - -,,,6,18,20,7,5,1,0,1,6,3,1,0,10,1,0,0,0,0,0,.389,5.0%,50.0%,0.10,.450,.611,1.061,.222,2.6,.857,-0.1,5,2.2,.467,185
Jorge Alfaro,sa551307,last_7,AAA,32,MIL (AAA),Total,- - -,- - -,,,3,10,11,5,3,1,0,1,4,3,0,0,5,1,0,0,0,0,0,.500,0.0%,45.5%,0.00,.545,.900,1.445,.400,2.6,1.000,0.0,4,2.6,.616,281
Omar Narváez,sa504967,last_15,AAA,33,- - -,Total,- - -,- - -,,,5,15,21,3,2,0,0,1,2,4,6,0,5,0,0,0,0,0,0,.200,28.6%,23.8%,1.20,.429,.400,.829,.200,0.3,.222,-0.1,4,0.7,.394,132
Omar Narváez,sa504967,last_30,AAA,33,- - -,Total,- - -,- - -,,,10,30,42,7,6,0,0,1,5,4,11,0,9,1,0,0,0,0,0,.233,26.2%,21.4%,1.22,.452,.333,.786,.100,1.0,.300,-0.1,7,1.3,.394,132
Omar Narváez,sa504967,last_45,AAA,33,- - -,Total,- - -,- - -,,,18,57,74,14,11,2,0,1,8,4,15,0,13,2,0,0,1,0,0,.246,20.3%,17.6%,1.15,.419,.333,.752,.088,1.1,.302,-0.2,12,0.8,.371,118
Omar Narváez,sa504967,last_7,AAA,33,- - -,Total,- - -,- - -,,,2,7,9,1,1,0,0,0,1,1,2,0,2,0,0,0,0,0,0,.143,22.2%,22.2%,1.00,.333,.143,.476,.000,1.6,.200,0.0,1,-0.7,.271,56
Luke Maile,sa503535,last_45,AAA,34,KCR (AAA),Total,- - -,- - -,,,5,19,22,5,3,2,0,0,4,1,3,0,5,0,0,0,2,0,0,.263,13.6%,22.7%,0.60,.364,.368,.732,.105,2.6,.357,0.0,3,0.0,.341,98
Jeimer Candelario,sa596954,last_30,AAA,31,- - -,Total,- - -,- - -,,,17,73,79,13,9,3,0,1,8,10,4,0,22,2,0,0,3,0,0,.178,5.1%,27.8%,0.18,.241,.260,.501,.082,2.3,.240,-0.1,3,-7.1,.234,33
Jeimer Candelario,sa596954,last_7,AAA,31,- - -,Total,- - -,- - -,,,6,24,28,6,4,1,0,1,5,5,3,0,6,1,0,0,2,0,0,.250,10.7%,21.4%,0.50,.357,.417,.774,.167,2.6,.294,-0.1,4,0.3,.354,110
Jeimer Candelario,sa596954,last_45,AAA,31,- - -,Total,- - -,- - -,,,22,94,102,18,11,5,0,2,10,15,5,0,30,3,0,0,3,0,0,.191,4.9%,29.4%,0.17,.255,.309,.563,.117,1.9,.258,-0.2,6,-7.0,.259,49
Jeimer Candelario,sa596954,last_15,AAA,31,- - -,Total,- - -,- - -,,,11,49,53,11,7,3,0,1,7,9,3,0,12,1,0,0,3,0,0,.224,5.7%,22.6%,0.25,.283,.347,.630,.122,2.4,.278,-0.1,5,-2.4,.287,67
Jack López,sa598270,last_15,AAA,32,SEA (AAA),Total,- - -,- - -,,,8,24,24,5,3,1,0,1,4,5,0,0,5,0,0,0,2,0,0,.208,0.0%,20.8%,0.00,.208,.375,.583,.167,2.6,.222,0.0,1,-2.5,.247,34
Jacob Stallings,sa526927,last_45,AAA,35,BAL (AAA),Total,- - -,- - -,,,3,10,12,4,4,0,0,0,2,2,2,0,3,0,0,0,2,0,0,.400,16.7%,25.0%,0.67,.500,.400,.900,.000,1.6,.571,0.0,2,0.9,.428,160
Jack López,sa598270,last_30,AAA,32,SEA (AAA),Total,- - -,- - -,,,20,62,69,17,10,3,0,4,18,18,4,0,12,0,0,3,3,2,0,.274,5.8%,17.4%,0.33,.318,.516,.834,.242,6.0,.283,0.3,10,-0.1,.358,103
Jack López,sa598270,last_7,AAA,32,SEA (AAA),Total,- - -,- - -,,,4,11,11,4,2,1,0,1,3,4,0,0,0,0,0,0,1,0,0,.364,0.0%,0.0%,0.00,.364,.727,1.091,.364,2.6,.300,0.0,3,1.0,.454,163
Jack López,sa598270,last_45,AAA,32,SEA (AAA),Total,- - -,- - -,,,29,91,104,23,14,4,0,5,22,21,7,0,20,0,1,5,3,4,0,.253,6.7%,19.2%,0.35,.303,.462,.765,.209,6.4,.269,0.7,13,-2.7,.330,86
Tomás Nido,sa658115,last_30,AAA,31,DET (AAA),Total,- - -,- - -,,,10,30,34,5,4,0,0,1,2,5,1,0,5,2,1,0,3,0,0,.167,2.9%,14.7%,0.20,.235,.267,.502,.100,0.8,.160,-0.1,1,-3.1,.233,35
Tomás Nido,sa658115,last_15,AAA,31,DET (AAA),Total,- - -,- - -,,,5,13,15,2,2,0,0,0,1,0,0,0,1,2,0,0,2,0,0,.154,0.0%,6.7%,0.00,.267,.154,.421,.000,2.6,.167,0.0,0,-1.5,.224,29
Travis Jankowski,sa577924,last_45,AAA,34,- - -,Total,- - -,- - -,,,4,19,20,5,4,0,0,1,4,4,1,0,4,0,0,0,0,2,0,.263,5.0%,20.0%,0.25,.300,.421,.721,.158,7.3,.286,0.4,2,-0.3,.320,84
Tomás Nido,sa658115,last_7,AAA,31,DET (AAA),Total,- - -,- - -,,,2,5,6,1,1,0,0,0,1,0,0,0,1,1,0,0,0,0,0,.200,0.0%,16.7%,0.00,.333,.200,.533,.000,2.6,.250,0.0,0,-0.3,.280,65
Albert Almora Jr.,sa657859,last_15,AAA,31,- - -,Total,- - -,- - -,,,10,40,49,13,8,1,2,2,10,13,9,0,8,0,0,0,0,3,2,.325,18.4%,16.3%,1.13,.449,.600,1.049,.275,7.2,.367,-0.5,12,4.3,.456,152
Tomás Nido,sa658115,last_45,AAA,31,DET (AAA),Total,- - -,- - -,,,16,54,60,9,8,0,0,1,5,5,3,0,11,2,1,0,3,0,0,.167,5.0%,18.3%,0.27,.233,.222,.456,.056,1.8,.186,-0.1,2,-6.2,.218,25
Albert Almora Jr.,sa657859,last_7,AAA,31,- - -,Total,- - -,- - -,,,6,23,28,7,4,1,1,1,4,8,5,0,5,0,0,0,0,0,2,.304,17.9%,17.9%,1.00,.429,.565,.994,.261,5.3,.353,-1.1,6,1.9,.435,139
Albert Almora Jr.,sa657859,last_45,AAA,31,- - -,Total,- - -,- - -,,,24,101,116,36,26,4,3,3,19,19,15,0,12,0,0,0,1,5,3,.356,12.9%,10.3%,1.25,.440,.545,.984,.188,6.5,.384,-0.8,25,8.3,.437,142
Andrew Velazquez,sa658104,last_30,AAA,30,NYY (AAA),Total,- - -,- - -,,,15,50,57,17,10,7,0,0,12,7,4,0,9,2,1,0,0,5,1,.340,7.0%,15.8%,0.44,.404,.480,.884,.140,6.8,.405,0.4,10,2.7,.395,137
Joey Meneses,sa604598,last_45,AAA,33,NYM (AAA),Total,- - -,- - -,,,27,95,102,28,18,7,0,3,8,13,5,0,11,2,0,0,3,0,0,.295,4.9%,10.8%,0.45,.343,.463,.806,.168,0.6,.309,-0.2,15,1.6,.359,109
Joey Meneses,sa604598,last_7,AAA,33,NYM (AAA),Total,- - -,- - -,,,3,11,13,5,2,1,0,2,2,7,1,0,0,1,0,0,0,0,0,.455,7.7%,0.0%,1.00,.538,1.091,1.629,.636,0.1,.333,0.0,5,3.5,.661,304
Andrew Velazquez,sa658104,last_15,AAA,30,NYY (AAA),Total,- - -,- - -,,,7,22,25,8,4,4,0,0,5,2,3,0,4,0,0,0,0,1,0,.364,12.0%,16.0%,0.75,.440,.545,.985,.182,5.9,.444,0.1,5,2.1,.438,164
Joey Meneses,sa604598,last_15,AAA,33,NYM (AAA),Total,- - -,- - -,,,8,28,31,12,7,3,0,2,3,7,2,0,4,1,0,0,0,0,0,.429,6.5%,12.9%,0.50,.484,.750,1.234,.321,0.1,.455,-0.1,9,5.0,.531,220
Albert Almora Jr.,sa657859,last_30,AAA,31,- - -,Total,- - -,- - -,,,20,84,99,28,20,3,2,3,14,18,15,0,10,0,0,0,1,5,3,.333,15.2%,10.1%,1.50,.434,.524,.958,.190,6.3,.352,-0.8,21,6.2,.428,135
Harold Castro,sa596288,last_45,AAA,31,KCR (AAA),Total,- - -,- - -,,,30,110,120,23,17,2,0,4,8,12,6,0,24,2,1,1,3,1,0,.209,5.0%,20.0%,0.25,.261,.336,.597,.127,2.5,.229,0.0,9,-7.2,.270,52
Harold Castro,sa596288,last_15,AAA,31,KCR (AAA),Total,- - -,- - -,,,11,42,43,5,3,0,0,2,2,6,1,0,5,0,0,0,1,0,0,.119,2.3%,11.6%,0.20,.140,.262,.401,.143,0.1,.086,0.0,0,-6.0,.174,-10
Harold Castro,sa596288,last_7,AAA,31,KCR (AAA),Total,- - -,- - -,,,6,20,21,3,1,0,0,2,2,4,1,0,3,0,0,0,1,0,0,.150,4.8%,14.3%,0.33,.190,.450,.640,.300,0.1,.067,0.0,1,-1.3,.269,51
Manuel Margot,sa657504,last_30,AAA,30,DET (AAA),Total,- - -,- - -,,,3,9,10,2,2,0,0,0,1,0,0,0,3,1,0,0,0,0,0,.222,0.0%,30.0%,0.00,.300,.222,.522,.000,2.6,.333,0.0,1,-0.7,.260,52
Manuel Margot,sa657504,last_45,AAA,30,DET (AAA),Total,- - -,- - -,,,9,35,36,8,7,0,1,0,5,3,0,0,9,1,0,0,1,0,0,.229,0.0%,25.0%,0.00,.250,.286,.536,.057,5.1,.308,-0.1,2,-2.9,.244,42
Harold Castro,sa596288,last_30,AAA,31,KCR (AAA),Total,- - -,- - -,,,19,72,75,12,9,1,0,2,3,9,2,0,12,0,1,0,2,0,0,.167,2.7%,16.0%,0.17,.187,.264,.451,.097,0.1,.169,-0.1,1,-8.9,.200,7
Joey Meneses,sa604598,last_30,AAA,33,NYM (AAA),Total,- - -,- - -,,,16,57,61,21,14,4,0,3,4,11,3,0,7,1,0,0,0,0,0,.368,4.9%,11.5%,0.43,.410,.596,1.006,.228,0.1,.383,-0.1,13,5.2,.441,162
Dom Nuñez,sa737813,last_45,AAA,30,CLE (AAA),Total,- - -,- - -,,,21,63,83,12,10,2,0,0,6,5,17,0,24,2,1,0,2,1,0,.190,20.5%,28.9%,0.71,.373,.222,.596,.032,2.9,.300,0.0,9,-2.1,.310,82
Dom Nuñez,sa737813,last_15,AAA,30,CLE (AAA),Total,- - -,- - -,,,4,11,17,1,1,0,0,0,1,1,6,0,8,0,0,0,0,1,0,.091,35.3%,47.1%,0.75,.412,.091,.503,.000,4.1,.333,0.1,2,-0.4,.313,84
Dom Nuñez,sa737813,last_30,AAA,30,CLE (AAA),Total,- - -,- - -,,,14,41,55,7,6,1,0,0,3,3,12,0,16,1,1,0,0,1,0,.171,21.8%,29.1%,0.75,.364,.195,.559,.024,3.1,.269,0.0,5,-2.0,.297,74
Tim Locastro,sa738248,last_45,AAA,32,SDP (AAA),Total,- - -,- - -,,,32,107,135,27,19,5,3,0,17,16,19,0,25,2,2,5,0,9,2,.252,14.1%,18.5%,0.76,.369,.355,.724,.103,8.0,.321,0.5,18,-2.2,.342,81
Tim Locastro,sa738248,last_30,AAA,32,SDP (AAA),Total,- - -,- - -,,,20,68,86,15,10,3,2,0,12,6,13,0,19,1,1,3,0,5,2,.221,15.1%,22.1%,0.68,.349,.324,.673,.103,7.9,.300,-0.2,10,-2.9,.322,68
Tim Locastro,sa738248,last_15,AAA,32,SDP (AAA),Total,- - -,- - -,,,9,29,37,7,5,2,0,0,2,2,6,0,8,1,0,1,0,3,1,.241,16.2%,21.6%,0.75,.389,.310,.699,.069,4.1,.333,0.0,5,-0.5,.346,83
Trey Mancini,sa708967,last_45,AAA,33,ARI (AAA),Total,- - -,- - -,,,10,44,48,15,9,1,0,5,12,9,3,0,8,1,0,0,1,0,0,.341,6.3%,16.7%,0.38,.396,.705,1.100,.364,2.6,.323,-0.1,11,4.4,.460,155
Tim Locastro,sa738248,last_7,AAA,32,SDP (AAA),Total,- - -,- - -,,,5,15,22,3,2,1,0,0,2,2,6,0,3,1,0,0,0,3,0,.200,27.3%,13.6%,2.00,.455,.267,.721,.067,5.5,.250,0.5,4,0.5,.383,106
Jamie Westbrook,sa737824,last_30,AAA,30,TBR (AAA),Total,- - -,- - -,,,15,45,50,12,8,3,0,1,4,5,5,0,6,0,0,0,0,1,0,.267,10.0%,12.0%,0.83,.340,.400,.740,.133,3.5,.289,0.1,6,-0.2,.336,96
Jamie Westbrook,sa737824,last_45,AAA,30,TBR (AAA),Total,- - -,- - -,,,22,68,77,22,14,7,0,1,9,10,7,0,11,0,2,0,1,1,0,.324,9.1%,14.3%,0.64,.377,.471,.847,.147,3.6,.362,0.0,12,2.3,.375,120
Jamie Westbrook,sa737824,last_7,AAA,30,TBR (AAA),Total,- - -,- - -,,,4,10,13,2,1,0,0,1,1,1,3,0,1,0,0,0,0,1,0,.200,23.1%,7.7%,3.00,.385,.500,.885,.300,4.3,.125,0.2,2,0.6,.393,132
Jamie Westbrook,sa737824,last_15,AAA,30,TBR (AAA),Total,- - -,- - -,,,7,17,21,5,4,0,0,1,2,1,4,0,3,0,0,0,0,1,0,.294,19.0%,14.3%,1.33,.429,.471,.899,.176,3.9,.308,0.1,4,1.2,.409,143
Billy McKinney,sa737528,last_15,AAA,30,- - -,Total,- - -,- - -,,,9,35,35,8,5,1,0,2,3,2,0,0,10,0,0,0,1,1,0,.229,0.0%,28.6%,0.00,.229,.429,.657,.200,4.2,.261,0.2,2,-2.7,.276,52
Billy McKinney,sa737528,last_7,AAA,30,- - -,Total,- - -,- - -,,,4,17,17,3,1,1,0,1,2,1,0,0,3,0,0,0,1,1,0,.176,0.0%,17.6%,0.00,.176,.412,.588,.235,7.5,.154,0.2,1,-1.9,.240,29
Billy McKinney,sa737528,last_30,AAA,30,- - -,Total,- - -,- - -,,,14,47,50,10,6,2,0,2,5,2,3,0,12,0,0,0,1,1,1,.213,6.0%,24.0%,0.25,.260,.383,.643,.170,3.2,.242,-0.4,4,-3.5,.282,55
Billy McKinney,sa737528,last_45,AAA,30,- - -,Total,- - -,- - -,,,24,82,93,23,13,5,0,5,14,14,10,1,21,1,0,0,2,3,1,.280,10.8%,22.6%,0.48,.366,.524,.890,.244,4.3,.321,-0.1,16,2.1,.384,119
Rowdy Tellez,sa738437,last_45,AAA,30,TEX (AAA),Total,- - -,- - -,,,4,15,16,5,2,1,0,2,2,4,1,0,6,0,0,0,0,0,0,.333,6.3%,37.5%,0.17,.375,.800,1.175,.467,0.1,.429,0.0,4,1.7,.478,177
Rowdy Tellez,sa738437,last_30,AAA,30,TEX (AAA),Total,- - -,- - -,,,4,15,16,5,2,1,0,2,2,4,1,0,6,0,0,0,0,0,0,.333,6.3%,37.5%,0.17,.375,.800,1.175,.467,0.1,.429,0.0,4,1.7,.478,177
Tyler O'Neill,sa737633,last_30,AAA,30,BAL (AAA),Total,- - -,- - -,,,1,3,4,2,2,0,0,0,0,0,1,0,0,0,0,0,0,0,0,.667,25.0%,0.0%,1.00,.750,.667,1.417,.000,0.1,.667,0.0,2,1.0,.642,298
Tyler O'Neill,sa737633,last_45,AAA,30,BAL (AAA),Total,- - -,- - -,,,7,21,24,6,5,0,0,1,1,2,3,0,9,0,0,0,0,0,0,.286,12.5%,37.5%,0.33,.375,.429,.804,.143,0.1,.455,-0.1,4,1.1,.373,130
Miguel Andujar,sa659185,last_30,AAA,30,OAK (AAA),Total,- - -,- - -,,,5,18,18,4,3,0,1,0,2,0,0,0,3,0,0,0,1,0,0,.222,0.0%,16.7%,0.00,.222,.333,.556,.111,5.1,.267,0.0,1,-2.0,.240,18
Austin Nola,sa577789,last_45,AAA,35,COL (AAA),Total,- - -,- - -,,,6,22,25,6,4,2,0,0,4,6,2,0,2,0,1,0,1,0,0,.273,8.0%,8.0%,1.00,.320,.364,.684,.091,2.6,.286,0.0,3,-1.2,.309,60
Pablo Reyes,sa657423,last_15,AAA,31,NYM (AAA),Total,- - -,- - -,,,10,41,46,13,9,4,0,0,5,2,4,0,3,0,1,0,0,1,1,.317,8.7%,6.5%,1.33,.370,.415,.784,.098,3.0,.333,-0.4,7,0.5,.354,106
Pablo Reyes,sa657423,last_45,AAA,31,NYM (AAA),Total,- - -,- - -,,,26,95,114,32,19,8,1,4,20,14,14,0,13,4,1,0,2,3,1,.337,12.3%,11.4%,1.08,.439,.568,1.007,.232,5.8,.354,-0.2,25,9.9,.443,163
Pablo Reyes,sa657423,last_30,AAA,31,NYM (AAA),Total,- - -,- - -,,,20,76,89,24,15,7,0,2,15,8,10,0,12,2,1,0,1,1,1,.316,11.2%,13.5%,0.83,.404,.487,.891,.171,3.3,.349,-0.5,16,4.4,.399,135
Óscar Mercado,sa737612,last_15,AAA,30,PHI (AAA),Total,- - -,- - -,,,9,35,39,11,9,1,0,1,3,7,3,0,6,0,0,1,0,1,1,.314,7.7%,15.4%,0.50,.368,.429,.797,.114,2.2,.357,-0.4,6,0.7,.361,112
Óscar Mercado,sa737612,last_30,AAA,30,PHI (AAA),Total,- - -,- - -,,,18,65,79,16,12,2,0,2,9,10,11,0,9,1,0,2,2,3,4,.246,13.9%,11.4%,1.22,.364,.369,.733,.123,3.2,.259,-1.4,11,0.1,.342,101
Óscar Mercado,sa737612,last_45,AAA,30,PHI (AAA),Total,- - -,- - -,,,28,96,118,23,18,3,0,2,14,15,18,0,14,1,1,2,3,10,4,.240,15.3%,11.9%,1.29,.362,.333,.695,.094,5.0,.259,-0.1,14,-1.0,.330,92
Óscar Mercado,sa737612,last_7,AAA,30,PHI (AAA),Total,- - -,- - -,,,4,15,18,4,3,1,0,0,2,1,3,0,3,0,0,0,0,1,0,.267,16.7%,16.7%,1.00,.389,.333,.722,.067,5.1,.333,0.2,2,0.1,.346,103
Brian Navarreto,sa737817,last_45,AAA,30,MIA (AAA),Total,- - -,- - -,,,9,25,31,6,5,0,0,1,3,5,4,0,7,1,1,0,0,0,0,.240,12.9%,22.6%,0.57,.355,.360,.715,.120,0.9,.278,-0.1,4,-0.2,.332,100
Pablo Reyes,sa657423,last_7,AAA,31,NYM (AAA),Total,- - -,- - -,,,5,22,24,8,6,2,0,0,3,0,2,0,2,0,0,0,0,1,1,.364,8.3%,8.3%,1.00,.417,.455,.871,.091,3.5,.400,-0.3,4,1.1,.396,133
Francisco Mejía,sa739565,last_30,AAA,29,WSN (AAA),Total,- - -,- - -,,,12,47,50,9,6,0,0,3,9,7,3,0,11,0,0,0,2,1,0,.191,6.0%,22.0%,0.27,.240,.383,.623,.191,5.6,.182,0.1,4,-2.8,.274,58
Brian Navarreto,sa737817,last_15,AAA,30,MIA (AAA),Total,- - -,- - -,,,2,7,8,1,0,0,0,1,1,3,1,0,3,0,0,0,0,0,0,.143,12.5%,37.5%,0.33,.250,.571,.821,.429,0.1,.000,0.0,1,0.0,.341,106
Miguel Andujar,sa659185,last_45,AAA,30,OAK (AAA),Total,- - -,- - -,,,5,18,18,4,3,0,1,0,2,0,0,0,3,0,0,0,1,0,0,.222,0.0%,16.7%,0.00,.222,.333,.556,.111,5.1,.267,0.0,1,-2.0,.240,18
J.D. Davis,sa597900,last_45,AAA,32,LAA (AAA),Total,- - -,- - -,,,10,35,40,11,6,2,1,2,10,12,4,0,8,1,0,0,2,4,0,.314,10.0%,20.0%,0.50,.400,.600,1.000,.286,9.8,.360,0.7,8,2.6,.430,142
Francisco Mejía,sa739565,last_45,AAA,29,WSN (AAA),Total,- - -,- - -,,,12,47,50,9,6,0,0,3,9,7,3,0,11,0,0,0,2,1,0,.191,6.0%,22.0%,0.27,.240,.383,.623,.191,5.6,.182,0.1,4,-2.8,.274,58
Francisco Mejía,sa739565,last_7,AAA,29,WSN (AAA),Total,- - -,- - -,,,4,17,17,5,3,0,0,2,3,4,0,0,3,0,0,0,1,1,0,.294,0.0%,17.6%,0.00,.294,.647,.941,.353,6.0,.250,0.2,3,0.8,.397,137
Sergio Alcántara,sa739641,last_30,AAA,28,- - -,Total,- - -,- - -,,,8,25,32,8,5,2,1,0,7,1,7,0,4,0,0,0,0,0,1,.320,21.9%,12.5%,1.75,.469,.480,.949,.160,5.8,.381,-0.6,7,2.3,.436,144
Sergio Alcántara,sa739641,last_45,AAA,28,- - -,Total,- - -,- - -,,,19,55,69,11,7,3,1,0,9,1,14,0,17,0,0,0,1,1,1,.200,20.3%,24.6%,0.82,.362,.291,.653,.091,5.6,.289,-0.5,8,-2.2,.324,82
Brian Navarreto,sa737817,last_30,AAA,30,MIA (AAA),Total,- - -,- - -,,,4,12,13,3,2,0,0,1,1,3,1,0,3,0,0,0,0,0,0,.250,7.7%,23.1%,0.33,.308,.500,.808,.250,0.1,.250,0.0,2,0.1,.351,112
Sergio Alcántara,sa739641,last_15,AAA,28,- - -,Total,- - -,- - -,,,6,19,25,7,5,1,1,0,6,1,6,0,4,0,0,0,0,0,1,.368,24.0%,16.0%,1.50,.520,.526,1.046,.158,5.8,.467,-0.6,6,2.7,.478,166
Sergio Alcántara,sa739641,last_7,AAA,28,- - -,Total,- - -,- - -,,,5,15,21,7,5,1,1,0,6,1,6,0,4,0,0,0,0,0,1,.467,28.6%,19.0%,1.50,.619,.667,1.286,.200,5.8,.636,-0.6,7,4.0,.569,223
Brian Navarreto,sa737817,last_7,AAA,30,MIA (AAA),Total,- - -,- - -,,,2,7,8,1,0,0,0,1,1,3,1,0,3,0,0,0,0,0,0,.143,12.5%,37.5%,0.33,.250,.571,.821,.429,0.1,.000,0.0,1,0.0,.341,106
Jacob Nottingham,sa737809,last_45,AAA,30,SEA (AAA),Total,- - -,- - -,,,1,4,5,2,0,2,0,0,1,3,0,0,2,0,1,0,0,0,0,.500,0.0%,40.0%,0.00,.400,1.000,1.400,.500,2.6,.667,0.0,1,0.6,.501,192
Luis Guillorme,sa737882,last_45,AAA,30,HOU (AAA),Total,- - -,- - -,,,2,5,8,0,0,0,0,0,0,0,2,0,1,0,0,0,0,0,0,.000,25.0%,12.5%,2.00,.286,.000,.286,.000,0.1,.000,0.0,0,-1.0,.216,22
Francisco Mejía,sa739565,last_15,AAA,29,WSN (AAA),Total,- - -,- - -,,,8,32,34,6,3,0,0,3,6,5,2,0,9,0,0,0,1,1,0,.188,5.9%,26.5%,0.22,.235,.469,.704,.281,6.3,.150,0.2,3,-1.2,.300,75
Luis Guillorme,sa737882,last_7,AAA,30,HOU (AAA),Total,- - -,- - -,,,1,2,5,0,0,0,0,0,0,0,2,0,0,0,0,0,0,0,0,.000,40.0%,0.0%,2.00,.500,.000,.500,.000,0.1,.000,0.0,1,0.1,.378,122
Jacob Nottingham,sa737809,last_30,AAA,30,SEA (AAA),Total,- - -,- - -,,,1,4,5,2,0,2,0,0,1,3,0,0,2,0,1,0,0,0,0,.500,0.0%,40.0%,0.00,.400,1.000,1.400,.500,2.6,.667,0.0,1,0.6,.501,192
Luis Guillorme,sa737882,last_15,AAA,30,HOU (AAA),Total,- - -,- - -,,,2,5,8,0,0,0,0,0,0,0,2,0,1,0,0,0,0,0,0,.000,25.0%,12.5%,2.00,.286,.000,.286,.000,0.1,.000,0.0,0,-1.0,.216,22
Luis Guillorme,sa737882,last_30,AAA,30,HOU (AAA),Total,- - -,- - -,,,2,5,8,0,0,0,0,0,0,0,2,0,1,0,0,0,0,0,0,.000,25.0%,12.5%,2.00,.286,.000,.286,.000,0.1,.000,0.0,0,-1.0,.216,22
Forrest Wall,sa828682,last_45,AAA,29,SDP (AAA),Total,- - -,- - -,,,32,117,134,40,26,10,2,2,24,24,11,0,27,2,2,2,2,9,1,.342,8.2%,20.1%,0.41,.402,.513,.914,.171,8.7,.422,1.0,25,5.5,.404,119
Forrest Wall,sa828682,last_15,AAA,29,SDP (AAA),Total,- - -,- - -,,,9,37,41,11,7,3,0,1,6,4,2,0,11,0,0,2,0,2,0,.297,4.9%,26.8%,0.18,.333,.459,.793,.162,6.1,.400,0.3,6,-0.4,.350,86
Forrest Wall,sa828682,last_7,AAA,29,SDP (AAA),Total,- - -,- - -,,,4,18,18,6,2,3,0,1,3,4,0,0,6,0,0,0,0,1,0,.333,0.0%,33.3%,0.00,.333,.667,1.000,.333,6.9,.455,0.2,4,0.9,.417,127
Forrest Wall,sa828682,last_30,AAA,29,SDP (AAA),Total,- - -,- - -,,,20,78,86,27,18,6,2,1,14,16,4,0,16,0,2,2,0,7,1,.346,4.7%,18.6%,0.25,.369,.513,.882,.167,8.9,.413,0.7,15,1.9,.383,106
Connor Joe,sa827153,last_45,AAA,32,- - -,Total,- - -,- - -,,,3,12,12,1,1,0,0,0,0,1,0,0,2,0,0,0,2,0,0,.083,0.0%,16.7%,0.00,.083,.083,.167,.000,0.1,.100,0.0,-1,-2.7,.076,-69
Brian O'Keefe,sa829152,last_45,AAA,31,KCR (AAA),Total,- - -,- - -,,,2,7,8,2,1,1,0,0,1,0,1,0,2,0,0,0,1,0,0,.286,12.5%,25.0%,0.50,.375,.429,.804,.143,1.6,.400,0.0,1,0.2,.365,113
Greg Allen,sa827328,last_7,AAA,32,CHC (AAA),Total,- - -,- - -,,,3,12,13,6,4,0,1,1,1,2,1,0,1,0,0,0,0,0,0,.500,7.7%,7.7%,1.00,.538,.917,1.455,.417,2.6,.500,0.0,5,3.0,.614,270
Greg Allen,sa827328,last_15,AAA,32,CHC (AAA),Total,- - -,- - -,,,6,25,26,7,4,1,1,1,1,2,1,0,5,0,0,0,0,0,0,.280,3.8%,19.2%,0.20,.308,.520,.828,.240,2.6,.316,0.0,4,0.3,.356,104
Greg Allen,sa827328,last_30,AAA,32,CHC (AAA),Total,- - -,- - -,,,15,61,65,15,9,1,1,4,9,13,2,0,14,2,0,0,1,4,0,.246,3.1%,21.5%,0.14,.292,.492,.784,.246,8.9,.256,0.7,9,0.0,.340,93
Connor Joe,sa827153,last_30,AAA,32,- - -,Total,- - -,- - -,,,3,12,12,1,1,0,0,0,0,1,0,0,2,0,0,0,2,0,0,.083,0.0%,16.7%,0.00,.083,.083,.167,.000,0.1,.100,0.0,-1,-2.7,.076,-69
Aramis Garcia,sa599195,last_45,AAA,32,ARI (AAA),Total,- - -,- - -,,,12,43,51,12,7,4,0,1,8,5,6,0,16,1,1,0,0,0,0,.279,11.8%,31.4%,0.38,.373,.442,.814,.163,2.1,.407,-0.1,8,0.3,.367,97
Aramis Garcia,sa599195,last_30,AAA,32,ARI (AAA),Total,- - -,- - -,,,10,35,42,10,5,4,0,1,6,4,6,0,14,1,0,0,0,0,0,.286,14.3%,33.3%,0.43,.405,.486,.890,.200,1.6,.450,-0.1,8,1.6,.401,118
Greg Allen,sa827328,last_45,AAA,32,CHC (AAA),Total,- - -,- - -,,,23,88,94,21,11,5,1,4,12,16,3,0,26,3,0,0,1,6,0,.239,3.2%,27.7%,0.12,.287,.455,.742,.216,8.7,.293,1.1,11,-1.2,.325,83
Derek Hill,sa828670,last_45,AAA,29,MIA (AAA),Total,- - -,- - -,,,3,11,12,3,2,1,0,0,2,0,1,0,2,0,0,0,0,1,0,.273,8.3%,16.7%,0.50,.333,.364,.697,.091,7.1,.333,0.2,1,-0.2,.320,92
Chadwick Tromp,sa746793,last_45,AAA,30,- - -,Total,- - -,- - -,,,11,41,45,7,6,1,0,0,1,3,3,0,7,0,1,0,1,0,0,.171,6.7%,15.6%,0.43,.222,.195,.417,.024,0.1,.200,-0.1,1,-4.6,.205,23
Chadwick Tromp,sa746793,last_30,AAA,30,- - -,Total,- - -,- - -,,,7,26,29,4,3,1,0,0,1,1,2,0,6,0,1,0,1,0,0,.154,6.9%,20.7%,0.33,.207,.192,.399,.038,0.6,.190,-0.1,1,-2.9,.197,22
Chadwick Tromp,sa746793,last_15,AAA,30,- - -,Total,- - -,- - -,,,7,26,29,4,3,1,0,0,1,1,2,0,6,0,1,0,1,0,0,.154,6.9%,20.7%,0.33,.207,.192,.399,.038,0.6,.190,-0.1,1,-2.9,.197,22
Chadwick Tromp,sa746793,last_7,AAA,30,- - -,Total,- - -,- - -,,,2,9,9,0,0,0,0,0,0,0,0,0,2,0,0,0,0,0,0,.000,0.0%,22.2%,0.00,.000,.000,.000,.000,0.1,.000,0.0,-1,-2.4,.000,-100
Eddy Alvarez,sa806877,last_45,AAA,35,ATL (AAA),Total,- - -,- - -,,,6,22,25,5,0,4,0,1,5,2,2,0,7,0,0,1,1,0,1,.227,8.0%,28.0%,0.29,.292,.545,.837,.318,5.0,.286,-0.5,4,0.3,.356,113
Chad Wallach,sa550207,last_45,AAA,33,- - -,Total,- - -,- - -,,,21,72,82,18,11,5,0,2,10,12,7,0,20,2,0,1,0,0,1,.250,8.5%,24.4%,0.35,.333,.403,.736,.153,2.4,.320,-0.6,10,-1.9,.334,83
Jorge Mateo,sa657910,last_45,AAA,30,BAL (AAA),Total,- - -,- - -,,,4,13,14,6,5,0,0,1,2,4,1,0,0,0,0,0,0,2,0,.462,7.1%,0.0%,1.00,.500,.692,1.192,.231,5.0,.417,0.4,4,2.2,.522,221
Chad Wallach,sa550207,last_7,AAA,33,- - -,Total,- - -,- - -,,,5,19,20,4,4,0,0,0,2,2,1,0,4,0,0,0,0,0,0,.211,5.0%,20.0%,0.25,.250,.211,.461,.000,2.0,.267,0.0,0,-2.5,.223,14
Chad Wallach,sa550207,last_30,AAA,33,- - -,Total,- - -,- - -,,,15,50,56,9,6,3,0,0,3,2,3,0,14,2,0,1,0,0,1,.180,5.4%,25.0%,0.21,.255,.240,.495,.060,2.1,.250,-0.6,2,-6.2,.239,24
Chad Wallach,sa550207,last_15,AAA,33,- - -,Total,- - -,- - -,,,7,25,27,6,5,1,0,0,2,2,2,0,6,0,0,0,0,0,0,.240,7.4%,22.2%,0.33,.296,.280,.576,.040,1.1,.316,0.0,2,-2.1,.274,46
Alex Jackson,sa828663,last_45,AAA,29,NYY (AAA),Total,- - -,- - -,,,12,44,49,7,2,3,0,2,8,6,4,0,15,1,0,0,0,0,0,.159,8.2%,30.6%,0.27,.245,.364,.609,.205,2.6,.185,-0.1,4,-2.8,.272,57
Alex Jackson,sa828663,last_30,AAA,29,NYY (AAA),Total,- - -,- - -,,,3,11,14,2,0,0,0,2,4,5,3,0,1,0,0,0,0,0,0,.182,21.4%,7.1%,3.00,.357,.727,1.084,.545,2.6,.000,0.0,3,1.2,.442,167
Michael Chavis,sa828673,last_45,AAA,29,LAD (AAA),Total,- - -,- - -,,,5,22,23,9,4,3,1,1,5,5,1,0,7,0,0,0,1,0,0,.409,4.3%,30.4%,0.14,.435,.773,1.208,.364,4.8,.571,0.0,6,3.1,.507,197
Eloy Jiménez,sa830373,last_30,AAA,28,TBR (AAA),Total,- - -,- - -,,,1,3,3,2,2,0,0,0,1,0,0,0,1,0,0,0,0,0,0,.667,0.0%,33.3%,0.00,.667,.667,1.333,.000,2.6,1.000,0.0,1,0.7,.611,273
Eloy Jiménez,sa830373,last_45,AAA,28,TBR (AAA),Total,- - -,- - -,,,9,26,30,5,3,1,0,1,3,4,4,0,4,0,0,0,1,0,0,.192,13.3%,13.3%,1.00,.300,.346,.646,.154,1.1,.190,-0.1,3,-0.7,.308,82
Vimael Machín,sa602488,last_15,AAA,31,BAL (AAA),Total,- - -,- - -,,,11,42,49,14,8,3,0,3,8,10,6,0,5,0,1,0,0,2,0,.333,12.2%,10.2%,1.20,.408,.619,1.027,.286,4.9,.314,0.3,11,4.1,.440,168
Vimael Machín,sa602488,last_45,AAA,31,BAL (AAA),Total,- - -,- - -,,,30,111,126,32,15,8,1,8,21,24,12,0,18,1,2,0,1,4,1,.288,9.5%,14.3%,0.67,.357,.595,.952,.306,6.2,.276,0.1,23,6.9,.405,146
Vimael Machín,sa602488,last_30,AAA,31,BAL (AAA),Total,- - -,- - -,,,20,73,86,22,13,4,0,5,12,14,10,0,10,1,2,0,1,3,1,.301,11.6%,11.6%,1.00,.384,.562,.945,.260,3.9,.283,-0.1,16,4.9,.408,147
Vimael Machín,sa602488,last_7,AAA,31,BAL (AAA),Total,- - -,- - -,,,6,24,27,8,4,2,0,2,5,8,3,0,3,0,0,0,0,0,0,.333,11.1%,11.1%,1.00,.407,.667,1.074,.333,1.6,.316,-0.1,6,2.7,.459,180
Richie Martin,sa659080,last_15,AAA,30,TEX (AAA),Total,- - -,- - -,,,9,29,34,11,8,1,2,0,5,4,4,0,8,1,0,0,0,4,0,.379,11.8%,23.5%,0.50,.471,.552,1.022,.172,8.5,.524,0.7,8,3.0,.458,164
Richie Martin,sa659080,last_30,AAA,30,TEX (AAA),Total,- - -,- - -,,,15,48,58,16,12,1,2,1,8,5,6,0,15,3,0,1,0,8,0,.333,10.3%,25.9%,0.40,.439,.500,.939,.167,8.8,.469,1.5,12,3.5,.425,144
Richie Martin,sa659080,last_45,AAA,30,TEX (AAA),Total,- - -,- - -,,,24,75,93,27,21,1,3,2,16,12,10,0,19,5,0,2,0,10,1,.360,10.8%,20.4%,0.53,.467,.533,1.000,.173,8.8,.463,1.3,21,7.8,.451,160
DJ Stewart,sa658672,last_45,AAA,31,PIT (AAA),Total,- - -,- - -,,,4,13,16,1,1,0,0,0,2,0,3,0,6,0,0,0,0,1,0,.077,18.8%,37.5%,0.50,.250,.077,.327,.000,6.8,.143,0.2,0,-2.0,.195,8
Richie Martin,sa659080,last_7,AAA,30,TEX (AAA),Total,- - -,- - -,,,4,14,16,6,5,0,1,0,1,3,2,0,3,0,0,0,0,3,0,.429,12.5%,18.8%,0.67,.500,.571,1.071,.143,7.5,.545,0.6,4,1.8,.480,178
Jakson Reetz,sa828796,last_45,AAA,29,NYM (AAA),Total,- - -,- - -,,,10,31,36,10,4,2,0,4,6,8,2,0,6,2,1,0,0,0,0,.323,5.6%,16.7%,0.33,.389,.774,1.163,.452,1.1,.273,-0.1,9,4.2,.477,186
Jakson Reetz,sa828796,last_30,AAA,29,NYM (AAA),Total,- - -,- - -,,,4,14,14,5,2,2,0,1,2,1,0,0,5,0,0,0,0,0,0,.357,0.0%,35.7%,0.00,.357,.714,1.071,.357,1.1,.500,0.0,3,1.4,.455,171
Andrew Stevenson,sa857750,last_45,AAA,31,TBR (AAA),Total,- - -,- - -,,,25,75,84,23,15,4,1,3,10,12,9,0,19,0,0,0,0,5,4,.307,10.7%,22.6%,0.47,.381,.507,.888,.200,5.8,.377,-1.0,15,3.8,.393,132
Andrew Stevenson,sa857750,last_7,AAA,31,TBR (AAA),Total,- - -,- - -,,,6,18,18,5,3,1,0,1,4,1,0,0,4,0,0,0,0,0,1,.278,0.0%,22.2%,0.00,.278,.500,.778,.222,4.6,.308,-0.5,2,-0.1,.334,94
Andrew Stevenson,sa857750,last_15,AAA,31,TBR (AAA),Total,- - -,- - -,,,9,28,28,10,6,2,0,2,6,3,0,0,6,0,0,0,0,1,2,.357,0.0%,21.4%,0.00,.357,.643,1.000,.286,5.0,.400,-0.8,6,2.1,.430,156
Sam Hilliard,sa829542,last_45,AAA,31,COL (AAA),Total,- - -,- - -,,,13,52,60,15,6,4,2,3,8,6,8,0,18,0,0,0,1,1,0,.288,13.3%,30.0%,0.44,.383,.615,.999,.327,6.2,.387,0.1,12,3.5,.423,130
Sam Hilliard,sa829542,last_7,AAA,31,COL (AAA),Total,- - -,- - -,,,5,22,24,8,3,2,2,1,3,2,2,0,9,0,0,0,0,0,0,.364,8.3%,37.5%,0.22,.417,.773,1.189,.409,3.4,.583,0.0,6,2.9,.491,173
Andrew Stevenson,sa857750,last_30,AAA,31,TBR (AAA),Total,- - -,- - -,,,18,53,57,16,10,3,0,3,8,10,4,0,15,0,0,0,0,4,3,.302,7.0%,26.3%,0.27,.351,.528,.879,.226,4.5,.371,-0.7,10,2.1,.384,126
Sam Hilliard,sa829542,last_30,AAA,31,COL (AAA),Total,- - -,- - -,,,13,52,60,15,6,4,2,3,8,6,8,0,18,0,0,0,1,1,0,.288,13.3%,30.0%,0.44,.383,.615,.999,.327,6.2,.387,0.1,12,3.5,.423,130
Sam Hilliard,sa829542,last_15,AAA,31,COL (AAA),Total,- - -,- - -,,,10,39,45,13,6,3,2,2,6,5,6,0,14,0,0,0,1,1,0,.333,13.3%,31.1%,0.43,.422,.667,1.089,.333,6.4,.478,0.1,11,4.2,.461,154
Scott Kingery,sa857705,last_30,AAA,31,LAA (AAA),Total,- - -,- - -,,,18,70,76,8,5,3,0,0,6,3,5,1,20,1,0,0,1,0,0,.114,6.6%,26.3%,0.25,.184,.157,.341,.043,2.4,.160,-0.1,-2,-13.7,.163,-23
Scott Kingery,sa857705,last_45,AAA,31,LAA (AAA),Total,- - -,- - -,,,18,70,76,8,5,3,0,0,6,3,5,1,20,1,0,0,1,0,0,.114,6.6%,26.3%,0.25,.184,.157,.341,.043,2.4,.160,-0.1,-2,-13.7,.163,-23
Scott Kingery,sa857705,last_7,AAA,31,LAA (AAA),Total,- - -,- - -,,,2,8,9,0,0,0,0,0,0,0,1,0,0,0,0,0,0,0,0,.000,11.1%,0.0%,1.00,.111,.000,.111,.000,0.1,.000,0.0,-1,-2.3,.084,-72
Scott Kingery,sa857705,last_15,AAA,31,LAA (AAA),Total,- - -,- - -,,,7,27,31,3,3,0,0,0,1,0,3,0,6,1,0,0,0,0,0,.111,9.7%,19.4%,0.50,.226,.111,.337,.000,0.6,.143,0.0,0,-4.9,.188,-8
David Fletcher,sa858824,last_45,AAA,31,ATL (AAA),Total,- - -,- - -,,,15,49,49,10,6,2,0,2,4,6,0,0,8,0,0,0,0,0,0,.204,0.0%,16.3%,0.00,.204,.367,.571,.163,1.1,.205,0.0,3,-3.9,.246,42
David Fletcher,sa858824,last_7,AAA,31,ATL (AAA),Total,- - -,- - -,,,2,6,6,1,1,0,0,0,0,0,0,0,3,0,0,0,0,0,0,.167,0.0%,50.0%,0.00,.167,.167,.333,.000,0.1,.333,0.0,0,-1.0,.153,-18
David Fletcher,sa858824,last_15,AAA,31,ATL (AAA),Total,- - -,- - -,,,5,17,17,5,4,0,0,1,1,3,0,0,4,0,0,0,0,0,0,.294,0.0%,23.5%,0.00,.294,.471,.765,.176,0.1,.333,0.0,2,-0.1,.333,98
David Fletcher,sa858824,last_30,AAA,31,ATL (AAA),Total,- - -,- - -,,,12,41,41,9,6,1,0,2,4,5,0,0,7,0,0,0,0,0,0,.220,0.0%,17.1%,0.00,.220,.390,.610,.171,1.3,.219,0.0,3,-2.7,.263,53
Garrett Stubbs,sa827172,last_45,AAA,32,PHI (AAA),Total,- - -,- - -,,,18,72,79,22,15,4,0,3,13,12,5,0,13,2,0,0,2,3,1,.306,6.3%,16.5%,0.38,.367,.486,.853,.181,5.0,.339,0.0,13,2.7,.380,125
Garrett Stubbs,sa827172,last_15,AAA,32,PHI (AAA),Total,- - -,- - -,,,6,25,28,11,6,4,0,1,7,5,3,0,3,0,0,0,0,2,1,.440,10.7%,10.7%,1.00,.500,.720,1.220,.280,5.5,.476,-0.1,8,4.4,.528,220
Garrett Stubbs,sa827172,last_7,AAA,32,PHI (AAA),Total,- - -,- - -,,,3,13,15,4,1,3,0,0,2,2,2,0,0,0,0,0,0,1,1,.308,13.3%,0.0%,2.00,.400,.538,.938,.231,4.4,.308,-0.3,3,0.9,.413,146
Garrett Stubbs,sa827172,last_30,AAA,32,PHI (AAA),Total,- - -,- - -,,,12,47,52,15,9,4,0,2,9,8,4,0,9,1,0,0,0,2,1,.319,7.7%,17.3%,0.44,.385,.532,.917,.213,4.8,.361,-0.2,10,2.8,.404,140
Seth Brown,sa875797,last_15,AAA,32,- - -,Total,- - -,- - -,,,10,37,44,8,4,3,1,0,3,6,7,0,13,0,0,0,0,0,0,.216,15.9%,29.5%,0.54,.341,.351,.692,.135,3.3,.333,-0.1,5,-1.4,.325,71
Seth Brown,sa875797,last_45,AAA,32,- - -,Total,- - -,- - -,,,18,71,83,21,12,4,1,4,12,15,11,0,23,1,0,0,0,0,1,.296,13.3%,27.7%,0.48,.398,.549,.947,.254,4.4,.386,-0.7,16,4.1,.414,126
Seth Brown,sa875797,last_7,AAA,32,- - -,Total,- - -,- - -,,,5,19,22,4,2,2,0,0,0,4,3,0,7,0,0,0,0,0,0,.211,13.6%,31.8%,0.43,.318,.316,.634,.105,0.1,.333,0.0,2,-1.2,.301,56
Seth Brown,sa875797,last_30,AAA,32,- - -,Total,- - -,- - -,,,18,71,83,21,12,4,1,4,12,15,11,0,23,1,0,0,0,0,1,.296,13.3%,27.7%,0.48,.398,.549,.947,.254,4.4,.386,-0.7,16,4.1,.414,126
Brett Sullivan,sa857232,last_45,AAA,31,- - -,Total,- - -,- - -,,,21,77,81,16,9,5,1,1,11,7,4,0,12,0,0,0,1,1,0,.208,4.9%,14.8%,0.33,.247,.338,.585,.130,6.9,.234,0.1,5,-5.4,.261,50
Brett Sullivan,sa857232,last_7,AAA,31,- - -,Total,- - -,- - -,,,4,13,15,3,2,1,0,0,1,2,2,0,4,0,0,0,0,0,0,.231,13.3%,26.7%,0.50,.333,.308,.641,.077,0.8,.333,0.0,2,-0.4,.305,78
Brett Sullivan,sa857232,last_15,AAA,31,- - -,Total,- - -,- - -,,,7,23,25,5,3,1,1,0,2,5,2,0,5,0,0,0,0,0,0,.217,8.0%,20.0%,0.40,.280,.348,.628,.130,3.8,.278,0.0,2,-1.2,.283,65
Brett Sullivan,sa857232,last_30,AAA,31,- - -,Total,- - -,- - -,,,15,54,56,11,6,3,1,1,6,6,2,0,10,0,0,0,0,1,0,.204,3.6%,17.9%,0.20,.232,.352,.584,.148,7.6,.233,0.1,3,-4.0,.257,47
Edwin Ríos,sa827170,last_45,AAA,31,CIN (AAA),Total,- - -,- - -,,,32,119,138,35,17,7,1,10,22,27,17,0,42,2,0,0,2,0,0,.294,12.3%,30.4%,0.40,.391,.622,1.013,.328,3.1,.373,-0.3,29,11.1,.435,162
Daz Cameron,sa874736,last_45,AAA,28,- - -,Total,- - -,- - -,,,14,53,64,20,12,3,0,5,13,13,9,0,12,2,0,0,0,4,0,.377,14.1%,18.8%,0.75,.484,.717,1.201,.340,5.5,.417,0.6,18,9.4,.514,215
Ryan Mountcastle,sa874734,last_45,AAA,28,BAL (AAA),Total,- - -,- - -,,,5,19,21,8,3,3,0,2,3,6,2,0,2,0,0,0,1,0,0,.421,9.5%,9.5%,1.00,.476,.895,1.371,.474,0.3,.400,0.0,7,4.1,.573,253
Daz Cameron,sa874736,last_30,AAA,28,- - -,Total,- - -,- - -,,,14,53,64,20,12,3,0,5,13,13,9,0,12,2,0,0,0,4,0,.377,14.1%,18.8%,0.75,.484,.717,1.201,.340,5.5,.417,0.6,18,9.4,.514,215
Ryan Mountcastle,sa874734,last_30,AAA,28,BAL (AAA),Total,- - -,- - -,,,5,19,21,8,3,3,0,2,3,6,2,0,2,0,0,0,1,0,0,.421,9.5%,9.5%,1.00,.476,.895,1.371,.474,0.3,.400,0.0,7,4.1,.573,253
Ryan Mountcastle,sa874734,last_15,AAA,28,BAL (AAA),Total,- - -,- - -,,,5,19,21,8,3,3,0,2,3,6,2,0,2,0,0,0,1,0,0,.421,9.5%,9.5%,1.00,.476,.895,1.371,.474,0.3,.400,0.0,7,4.1,.573,253
Daz Cameron,sa874736,last_15,AAA,28,- - -,Total,- - -,- - -,,,10,38,46,13,9,1,0,3,9,6,7,0,9,1,0,0,0,3,0,.342,15.2%,19.6%,0.78,.457,.605,1.062,.263,5.6,.385,0.5,11,4.9,.465,184
Daz Cameron,sa874736,last_7,AAA,28,- - -,Total,- - -,- - -,,,5,17,22,4,4,0,0,0,2,0,5,0,7,0,0,0,0,1,0,.235,22.7%,31.8%,0.71,.409,.235,.644,.000,4.4,.400,0.1,3,-0.1,.333,98
Juan Yepez,sa877505,last_45,AAA,27,WSN (AAA),Total,- - -,- - -,,,2,7,7,2,2,0,0,0,0,1,0,0,2,0,0,0,0,0,0,.286,0.0%,28.6%,0.00,.286,.286,.571,.000,0.1,.400,0.0,0,-0.5,.262,51
Edwin Ríos,sa827170,last_7,AAA,31,CIN (AAA),Total,- - -,- - -,,,6,22,25,7,3,0,0,4,6,7,2,0,8,1,0,0,1,0,0,.318,8.0%,32.0%,0.25,.400,.864,1.264,.545,2.0,.300,0.0,7,3.8,.519,215
Edwin Ríos,sa827170,last_15,AAA,31,CIN (AAA),Total,- - -,- - -,,,10,35,42,11,6,1,0,4,7,10,6,0,12,1,0,0,1,0,0,.314,14.3%,28.6%,0.50,.429,.686,1.114,.371,1.0,.368,-0.1,10,4.8,.474,187
Edwin Ríos,sa827170,last_30,AAA,31,CIN (AAA),Total,- - -,- - -,,,21,77,92,22,12,4,0,6,14,17,14,0,27,1,0,0,1,0,0,.286,15.2%,29.3%,0.52,.402,.571,.974,.286,1.2,.364,-0.2,19,6.6,.425,155
P.J. Higgins,sa875573,last_30,AAA,32,CIN (AAA),Total,- - -,- - -,,,15,56,60,14,10,3,0,1,3,7,4,0,10,0,0,0,3,0,0,.250,6.7%,16.7%,0.40,.300,.357,.657,.107,0.3,.289,-0.1,6,-2.1,.299,74
Ryan Mountcastle,sa874734,last_7,AAA,28,BAL (AAA),Total,- - -,- - -,,,5,19,21,8,3,3,0,2,3,6,2,0,2,0,0,0,1,0,0,.421,9.5%,9.5%,1.00,.476,.895,1.371,.474,0.3,.400,0.0,7,4.1,.573,253
P.J. Higgins,sa875573,last_15,AAA,32,CIN (AAA),Total,- - -,- - -,,,7,23,25,5,3,1,0,1,1,5,2,0,3,0,0,0,2,0,0,.217,8.0%,12.0%,0.67,.280,.391,.671,.174,0.1,.211,0.0,2,-0.9,.299,74
P.J. Higgins,sa875573,last_45,AAA,32,CIN (AAA),Total,- - -,- - -,,,26,90,102,23,17,4,0,2,7,13,9,0,19,1,2,0,5,0,0,.256,8.8%,18.6%,0.47,.324,.367,.690,.111,0.6,.296,-0.2,11,-2.3,.314,84
P.J. Higgins,sa875573,last_7,AAA,32,CIN (AAA),Total,- - -,- - -,,,5,15,17,2,1,0,0,1,1,3,2,0,2,0,0,0,1,0,0,.133,11.8%,11.8%,1.00,.235,.333,.569,.200,0.1,.083,0.0,1,-1.2,.258,47
Ali Sánchez,sa828198,last_45,AAA,28,TOR (AAA),Total,- - -,- - -,,,20,68,76,24,18,5,0,1,8,12,8,0,14,0,0,0,2,0,0,.353,10.5%,18.4%,0.57,.421,.471,.892,.118,0.9,.434,-0.2,14,4.1,.404,144
Ali Sánchez,sa828198,last_30,AAA,28,TOR (AAA),Total,- - -,- - -,,,11,36,40,13,9,4,0,0,4,8,4,0,8,0,0,0,1,0,0,.361,10.0%,20.0%,0.50,.425,.472,.897,.111,1.0,.464,-0.1,8,2.3,.407,146
Ali Sánchez,sa828198,last_7,AAA,28,TOR (AAA),Total,- - -,- - -,,,1,5,5,3,1,2,0,0,1,2,0,0,1,0,0,0,0,0,0,.600,0.0%,20.0%,0.00,.600,1.000,1.600,.400,1.6,.750,0.0,2,1.5,.692,330
Andy Ibáñez,sa914201,last_45,AAA,32,DET (AAA),Total,- - -,- - -,,,29,113,130,29,18,8,1,2,10,14,14,0,24,2,1,0,4,2,1,.257,10.8%,18.5%,0.58,.346,.398,.744,.142,4.1,.307,-0.3,17,-0.1,.339,103
Andy Ibáñez,sa914201,last_15,AAA,32,DET (AAA),Total,- - -,- - -,,,7,24,30,6,6,0,0,0,0,3,5,0,7,0,1,0,0,0,1,.250,16.7%,23.3%,0.71,.367,.250,.617,.000,1.1,.333,-0.5,3,-0.9,.306,82
Andy Ibáñez,sa914201,last_7,AAA,32,DET (AAA),Total,- - -,- - -,,,3,9,13,4,4,0,0,0,0,3,3,0,3,0,1,0,0,0,1,.444,23.1%,23.1%,1.00,.538,.444,.983,.000,1.3,.571,-0.5,3,1.2,.451,176
José Azocar,sa735839,last_45,AAA,29,NYM (AAA),Total,- - -,- - -,,,19,68,75,20,14,5,0,1,10,9,5,0,11,1,1,0,3,7,1,.294,6.7%,14.7%,0.45,.347,.412,.758,.118,6.2,.333,0.8,10,0.1,.342,98
Andy Ibáñez,sa914201,last_30,AAA,32,DET (AAA),Total,- - -,- - -,,,19,71,85,19,12,4,1,2,7,10,12,0,13,1,1,0,1,1,1,.268,14.1%,15.3%,0.92,.376,.437,.813,.169,3.9,.298,-0.5,13,2.0,.367,122
Ali Sánchez,sa828198,last_15,AAA,28,TOR (AAA),Total,- - -,- - -,,,4,16,17,6,3,3,0,0,2,4,1,0,3,0,0,0,1,0,0,.375,5.9%,17.6%,0.33,.412,.563,.974,.188,1.3,.462,0.0,4,1.3,.429,160
José Azocar,sa735839,last_15,AAA,29,NYM (AAA),Total,- - -,- - -,,,5,21,24,6,5,0,0,1,3,5,2,0,7,0,1,0,2,3,1,.286,8.3%,29.2%,0.29,.333,.429,.762,.143,5.3,.357,0.1,3,-0.1,.335,94
José Azocar,sa735839,last_7,AAA,29,NYM (AAA),Total,- - -,- - -,,,1,4,4,0,0,0,0,0,0,0,0,0,0,0,0,0,2,0,0,.000,0.0%,0.0%,0.00,.000,.000,.000,.000,0.1,.000,0.0,-1,-1.2,.000,-100
José Azocar,sa735839,last_30,AAA,29,NYM (AAA),Total,- - -,- - -,,,16,61,68,17,12,4,0,1,8,8,5,0,11,1,1,0,3,6,1,.279,7.4%,16.2%,0.45,.338,.393,.732,.115,5.8,.320,0.6,8,-0.5,.331,91
Seby Zavala,sa875572,last_7,AAA,31,BOS (AAA),Total,- - -,- - -,,,4,14,16,3,1,1,0,1,2,1,1,0,7,1,0,0,0,0,0,.214,6.3%,43.8%,0.14,.313,.500,.813,.286,1.6,.333,0.0,2,0.2,.355,109
Seby Zavala,sa875572,last_15,AAA,31,BOS (AAA),Total,- - -,- - -,,,7,24,27,4,1,1,0,2,3,4,1,0,11,1,1,0,0,0,0,.167,3.7%,40.7%,0.09,.222,.458,.681,.292,1.6,.167,0.0,2,-1.3,.284,64
Seby Zavala,sa875572,last_30,AAA,31,BOS (AAA),Total,- - -,- - -,,,16,51,58,7,2,1,0,4,6,9,4,0,24,1,2,0,1,0,0,.137,6.9%,41.4%,0.17,.207,.392,.599,.255,1.3,.120,-0.1,3,-4.2,.255,45
Leody Taveras,sa912520,last_7,AAA,26,SEA (AAA),Total,- - -,- - -,,,6,22,26,7,3,1,0,3,6,10,4,0,1,0,0,0,0,5,0,.318,15.4%,3.8%,4.00,.423,.773,1.196,.455,6.7,.222,1.0,7,3.1,.490,185
Leody Taveras,sa912520,last_15,AAA,26,SEA (AAA),Total,- - -,- - -,,,11,39,48,13,6,2,0,5,11,17,8,0,1,0,1,0,1,5,0,.333,16.7%,2.1%,8.00,.438,.769,1.207,.436,6.4,.235,0.9,13,5.8,.491,185
Leody Taveras,sa912520,last_30,AAA,26,SEA (AAA),Total,- - -,- - -,,,21,84,98,24,14,4,1,5,19,27,11,0,9,0,3,0,1,8,0,.286,11.2%,9.2%,1.22,.357,.536,.893,.250,8.6,.260,1.4,16,1.9,.380,117
Chris Okey,sa738505,last_30,AAA,30,LAD (AAA),Total,- - -,- - -,,,7,24,27,3,1,1,0,1,5,3,2,0,10,1,0,0,0,0,0,.125,7.4%,37.0%,0.20,.222,.292,.514,.167,2.6,.154,0.0,1,-3.0,.236,28
Chris Okey,sa738505,last_45,AAA,30,LAD (AAA),Total,- - -,- - -,,,10,38,41,6,4,1,0,1,8,4,2,0,15,1,0,0,0,0,0,.158,4.9%,36.6%,0.13,.220,.263,.483,.105,2.6,.227,0.0,1,-5.1,.223,20
Leody Taveras,sa912520,last_45,AAA,26,SEA (AAA),Total,- - -,- - -,,,33,130,151,34,20,7,2,5,27,37,17,0,16,0,4,0,3,11,1,.262,11.3%,10.6%,1.06,.338,.462,.799,.200,8.7,.257,1.4,21,-1.4,.349,97
Chris Okey,sa738505,last_7,AAA,30,LAD (AAA),Total,- - -,- - -,,,2,7,7,1,0,0,0,1,1,2,0,0,3,0,0,0,0,0,0,.143,0.0%,42.9%,0.00,.143,.571,.714,.429,0.1,.000,0.0,0,-0.6,.270,50
Seby Zavala,sa875572,last_45,AAA,31,BOS (AAA),Total,- - -,- - -,,,24,77,88,10,3,3,0,4,8,10,8,0,36,1,2,0,1,1,0,.130,9.1%,40.9%,0.22,.216,.325,.541,.195,3.8,.154,0.1,4,-7.4,.241,36
Chris Okey,sa738505,last_15,AAA,30,LAD (AAA),Total,- - -,- - -,,,3,11,11,2,1,0,0,1,1,2,0,0,6,0,0,0,0,0,0,.182,0.0%,54.5%,0.00,.182,.455,.636,.273,0.1,.250,0.0,1,-1.0,.256,41
Cavan Biggio,sa738582,last_15,AAA,30,KCR (AAA),Total,- - -,- - -,,,5,20,23,6,2,2,1,1,2,5,1,0,6,1,1,0,0,0,0,.300,4.3%,26.1%,0.17,.348,.650,.998,.350,3.1,.357,0.0,4,1.4,.411,143
Cavan Biggio,sa738582,last_30,AAA,30,KCR (AAA),Total,- - -,- - -,,,17,66,78,17,9,6,1,1,12,7,9,0,15,2,1,0,0,0,0,.258,11.5%,19.2%,0.60,.359,.424,.783,.167,4.5,.314,-0.2,11,0.9,.354,106
Cavan Biggio,sa738582,last_45,AAA,30,KCR (AAA),Total,- - -,- - -,,,26,98,116,28,16,8,1,3,16,15,15,0,22,2,1,0,0,1,0,.286,12.9%,19.0%,0.68,.388,.480,.868,.194,5.2,.338,-0.1,20,4.6,.388,128
Jake Fraley,sa857756,last_45,AAA,30,CIN (AAA),Total,- - -,- - -,,,3,11,12,2,1,1,0,0,1,0,1,0,2,0,0,0,0,0,0,.182,8.3%,16.7%,0.50,.250,.273,.523,.091,1.6,.222,0.0,1,-1.0,.243,38
Jake Fraley,sa857756,last_30,AAA,30,CIN (AAA),Total,- - -,- - -,,,3,11,12,2,1,1,0,0,1,0,1,0,2,0,0,0,0,0,0,.182,8.3%,16.7%,0.50,.250,.273,.523,.091,1.6,.222,0.0,1,-1.0,.243,38
Cavan Biggio,sa738582,last_7,AAA,30,KCR (AAA),Total,- - -,- - -,,,1,3,4,1,0,1,0,0,1,0,0,0,1,1,0,0,0,0,0,.333,0.0%,25.0%,0.00,.500,.667,1.167,.333,2.6,.500,0.0,1,0.6,.509,206
Nick Senzel,sa873264,last_45,AAA,30,LAD (AAA),Total,- - -,- - -,,,34,121,147,35,26,6,1,2,23,15,21,1,23,2,3,0,4,5,0,.289,14.3%,15.6%,0.91,.395,.405,.800,.116,6.5,.333,0.7,23,1.0,.367,110
Nick Senzel,sa873264,last_15,AAA,30,LAD (AAA),Total,- - -,- - -,,,11,41,51,13,9,2,1,1,12,6,9,1,6,1,0,0,1,2,0,.317,17.6%,11.8%,1.50,.451,.488,.939,.171,8.5,.353,0.3,10,2.9,.422,144
Nick Senzel,sa873264,last_30,AAA,30,LAD (AAA),Total,- - -,- - -,,,23,84,99,27,19,5,1,2,19,9,12,1,14,2,1,0,3,3,0,.321,12.1%,14.1%,0.86,.414,.476,.890,.155,7.3,.362,0.4,18,3.5,.398,129
Nick Senzel,sa873264,last_7,AAA,30,LAD (AAA),Total,- - -,- - -,,,6,22,27,7,5,1,1,0,6,2,5,0,3,0,0,0,1,2,0,.318,18.5%,11.1%,1.67,.444,.455,.899,.136,9.1,.368,0.3,5,1.4,.415,140
Nick Solak,sa874054,last_7,AAA,30,PIT (AAA),Total,- - -,- - -,,,3,11,13,3,2,1,0,0,0,1,1,0,1,1,0,0,1,0,1,.273,7.7%,7.7%,1.00,.385,.364,.748,.091,2.1,.300,-0.5,2,0.2,.354,110
Nick Solak,sa874054,last_45,AAA,30,PIT (AAA),Total,- - -,- - -,,,27,102,121,39,28,8,0,3,17,20,14,0,11,4,1,0,4,1,2,.382,11.6%,9.1%,1.27,.471,.549,1.020,.167,2.1,.404,-1.1,28,11.8,.456,176
Nick Solak,sa874054,last_15,AAA,30,PIT (AAA),Total,- - -,- - -,,,7,27,31,12,9,3,0,0,3,9,2,0,1,2,0,0,1,0,2,.444,6.5%,3.2%,2.00,.516,.556,1.072,.111,2.2,.462,-1.0,8,3.8,.486,195
Donovan Walton,sa659038,last_45,AAA,31,- - -,Total,- - -,- - -,,,29,98,115,26,22,1,0,3,15,19,13,0,18,1,3,0,2,1,1,.265,11.3%,15.7%,0.72,.348,.367,.715,.102,2.7,.288,-0.6,14,-1.2,.328,91
Nick Solak,sa874054,last_30,AAA,30,PIT (AAA),Total,- - -,- - -,,,16,63,73,23,17,5,0,1,12,11,8,0,7,2,0,0,1,1,2,.365,11.0%,9.6%,1.14,.452,.492,.944,.127,2.9,.400,-0.9,15,5.5,.429,159
Donovan Walton,sa659038,last_7,AAA,31,- - -,Total,- - -,- - -,,,6,23,26,5,4,0,0,1,4,3,3,0,5,0,0,0,0,0,0,.217,11.5%,19.2%,0.60,.308,.348,.656,.130,2.2,.235,-0.1,3,-0.8,.302,75
Donovan Walton,sa659038,last_15,AAA,31,- - -,Total,- - -,- - -,,,11,39,47,10,9,0,0,1,5,6,5,0,8,1,2,0,1,0,1,.256,10.6%,17.0%,0.63,.340,.333,.674,.077,2.1,.281,-0.6,5,-1.1,.312,81
Jose Rojas,sa918928,last_45,AAA,32,NYY (AAA),Total,- - -,- - -,,,27,102,113,33,15,9,2,7,18,19,9,1,25,1,1,0,0,4,0,.324,8.0%,22.1%,0.36,.381,.657,1.037,.333,7.6,.366,0.6,24,9.3,.437,164
Donovan Walton,sa659038,last_30,AAA,31,- - -,Total,- - -,- - -,,,21,72,86,20,19,0,0,1,9,13,10,0,14,1,3,0,1,1,1,.278,11.6%,16.3%,0.71,.360,.319,.680,.042,2.4,.317,-0.5,10,-1.5,.320,86
Jose Rojas,sa918928,last_15,AAA,32,NYY (AAA),Total,- - -,- - -,,,9,36,39,12,3,3,1,5,8,10,1,0,9,1,1,0,0,1,0,.333,2.6%,23.1%,0.11,.359,.889,1.248,.556,8.1,.304,0.2,11,5.4,.503,206
Jose Rojas,sa918928,last_7,AAA,32,NYY (AAA),Total,- - -,- - -,,,4,18,18,3,1,1,0,1,2,2,0,0,6,0,0,0,0,1,0,.167,0.0%,33.3%,0.00,.167,.389,.556,.222,7.5,.182,0.2,1,-1.6,.232,32
Jose Rojas,sa918928,last_30,AAA,32,NYY (AAA),Total,- - -,- - -,,,18,71,78,22,8,7,1,6,14,13,5,0,17,1,1,0,0,2,0,.310,6.4%,21.8%,0.29,.359,.690,1.049,.380,7.5,.327,0.3,17,6.5,.439,165
Nicky Lopez,sa918022,last_30,AAA,30,- - -,Total,- - -,- - -,,,17,57,65,15,12,2,1,0,9,6,7,0,11,0,1,0,0,4,0,.263,10.8%,16.9%,0.64,.338,.333,.672,.070,8.3,.319,0.6,7,-1.6,.312,83
Nicky Lopez,sa918022,last_7,AAA,30,- - -,Total,- - -,- - -,,,5,14,15,2,2,0,0,0,1,2,0,0,2,0,1,0,0,1,0,.143,0.0%,13.3%,0.00,.133,.143,.276,.000,7.5,.154,0.2,-1,-2.8,.122,-39
Nicky Lopez,sa918022,last_15,AAA,30,- - -,Total,- - -,- - -,,,10,30,34,4,3,1,0,0,3,2,3,0,7,0,1,0,0,2,0,.133,8.8%,20.6%,0.43,.206,.167,.373,.033,6.6,.167,0.4,0,-4.5,.183,0
Nicky Lopez,sa918022,last_45,AAA,30,- - -,Total,- - -,- - -,,,26,96,110,25,19,4,2,0,18,10,10,0,14,1,3,0,1,5,0,.260,9.1%,12.7%,0.71,.327,.344,.671,.083,8.9,.294,0.8,11,-3.9,.308,72
Luke Raley,sa918048,last_45,AAA,30,SEA (AAA),Total,- - -,- - -,,,2,8,9,3,2,0,0,1,1,3,1,0,2,0,0,0,0,0,0,.375,11.1%,22.2%,0.50,.444,.750,1.194,.375,0.1,.400,0.0,2,1.2,.500,191
Weston Wilson,sa873690,last_30,AAA,30,PHI (AAA),Total,- - -,- - -,,,11,45,51,13,9,3,0,1,9,6,5,0,8,1,0,0,0,1,2,.289,9.8%,15.7%,0.63,.373,.422,.795,.133,4.0,.333,-0.8,8,1.0,.363,114
Austin Hays,sa874219,last_45,AAA,29,CIN (AAA),Total,- - -,- - -,,,2,7,8,2,2,0,0,0,1,0,1,0,2,0,0,0,0,0,0,.286,12.5%,25.0%,0.50,.375,.286,.661,.000,1.6,.400,0.0,1,0.1,.329,99
Weston Wilson,sa873690,last_45,AAA,30,PHI (AAA),Total,- - -,- - -,,,19,76,91,21,14,4,0,3,16,10,14,0,17,1,0,0,1,4,3,.276,15.4%,18.7%,0.82,.396,.447,.843,.171,4.5,.321,-0.8,15,3.4,.384,127
Weston Wilson,sa873690,last_15,AAA,30,PHI (AAA),Total,- - -,- - -,,,1,3,4,1,0,1,0,0,1,0,1,0,1,0,0,0,0,0,0,.333,25.0%,25.0%,1.00,.500,.667,1.167,.333,2.6,.500,0.0,1,0.5,.501,203
Brian Serven,sa857231,last_30,AAA,30,DET (AAA),Total,- - -,- - -,,,11,32,39,6,5,1,0,0,7,1,6,0,12,1,0,0,1,0,0,.188,15.4%,30.8%,0.50,.333,.219,.552,.031,2.6,.300,-0.1,3,-1.9,.283,67
Brian Serven,sa857231,last_7,AAA,30,DET (AAA),Total,- - -,- - -,,,4,12,13,1,0,1,0,0,2,1,1,0,5,0,0,0,0,0,0,.083,7.7%,38.5%,0.20,.154,.167,.321,.083,2.6,.143,0.0,0,-2.0,.154,-16
Brian Serven,sa857231,last_45,AAA,30,DET (AAA),Total,- - -,- - -,,,17,50,63,9,7,2,0,0,10,3,11,0,18,2,0,0,1,0,0,.180,17.5%,28.6%,0.61,.349,.220,.569,.040,2.6,.281,-0.2,6,-2.4,.295,75
Yonny Hernández,sa872473,last_15,AAA,27,NYM (AAA),Total,- - -,- - -,,,10,34,41,14,12,1,1,0,7,6,5,0,5,1,0,1,0,1,0,.412,12.2%,12.2%,1.00,.500,.500,1.000,.088,7.1,.483,0.1,9,4.1,.457,173
Yonny Hernández,sa872473,last_45,AAA,27,NYM (AAA),Total,- - -,- - -,,,29,87,107,31,22,6,3,0,14,13,15,0,9,2,0,3,1,2,0,.356,14.0%,8.4%,1.67,.462,.494,.956,.138,6.5,.397,0.1,23,8.5,.434,157
Yonny Hernández,sa872473,last_7,AAA,27,NYM (AAA),Total,- - -,- - -,,,5,16,19,6,5,1,0,0,3,1,2,0,3,1,0,0,0,0,0,.375,10.5%,15.8%,0.67,.474,.438,.911,.063,1.9,.462,-0.1,4,1.4,.426,152
Brian Serven,sa857231,last_15,AAA,30,DET (AAA),Total,- - -,- - -,,,6,19,20,3,2,1,0,0,3,1,1,0,8,0,0,0,0,0,0,.158,5.0%,40.0%,0.13,.200,.211,.411,.053,2.6,.273,0.0,0,-2.5,.192,9
Yonny Hernández,sa872473,last_30,AAA,27,NYM (AAA),Total,- - -,- - -,,,19,63,73,18,14,3,1,0,8,8,7,0,6,2,0,1,1,1,0,.286,9.6%,8.2%,1.17,.375,.365,.740,.079,5.8,.316,0.0,10,0.3,.346,101
Alex De Goti,sa919320,last_30,AAA,30,TEX (AAA),Total,- - -,- - -,,,5,17,19,0,0,0,0,0,0,0,1,0,8,1,0,0,0,0,0,.000,5.3%,42.1%,0.13,.105,.000,.105,.000,0.1,.000,0.0,-2,-4.8,.081,-70
Alex De Goti,sa919320,last_45,AAA,30,TEX (AAA),Total,- - -,- - -,,,13,43,51,5,5,0,0,0,5,2,7,0,11,1,0,0,1,0,0,.116,13.7%,21.6%,0.64,.255,.116,.371,.000,2.1,.156,-0.1,1,-7.0,.210,10
Alex De Goti,sa919320,last_15,AAA,30,TEX (AAA),Total,- - -,- - -,,,3,10,11,0,0,0,0,0,0,0,0,0,5,1,0,0,0,0,0,.000,0.0%,45.5%,0.00,.091,.000,.091,.000,0.1,.000,0.0,-1,-2.9,.071,-76
Alex De Goti,sa919320,last_7,AAA,30,TEX (AAA),Total,- - -,- - -,,,1,3,3,0,0,0,0,0,0,0,0,0,1,0,0,0,0,0,0,.000,0.0%,33.3%,0.00,.000,.000,.000,.000,0.1,.000,0.0,-1,-1.0,.000,-100
Zack Short,sa873287,last_30,AAA,30,HOU (AAA),Total,- - -,- - -,,,1,4,4,1,0,1,0,0,0,0,0,0,1,0,0,0,0,0,0,.250,0.0%,25.0%,0.00,.250,.500,.750,.250,0.1,.333,0.0,0,-0.2,.313,82
Zack Short,sa873287,last_45,AAA,30,HOU (AAA),Total,- - -,- - -,,,12,38,47,6,4,2,0,0,1,5,6,0,10,1,2,0,0,0,0,.158,12.8%,21.3%,0.60,.277,.211,.487,.053,0.1,.200,-0.1,2,-4.9,.245,40
Nate Mondou,sa873282,last_30,AAA,30,SDP (AAA),Total,- - -,- - -,,,21,84,94,29,24,4,1,0,12,13,9,1,15,1,0,0,2,3,1,.345,9.6%,16.0%,0.60,.415,.417,.832,.071,5.7,.420,-0.1,16,2.0,.383,106
Nate Mondou,sa873282,last_15,AAA,30,SDP (AAA),Total,- - -,- - -,,,10,40,44,13,11,2,0,0,4,4,3,0,7,1,0,0,1,1,0,.325,6.8%,15.9%,0.43,.386,.375,.761,.050,3.9,.394,0.1,6,-0.1,.357,90
Nate Mondou,sa873282,last_45,AAA,30,SDP (AAA),Total,- - -,- - -,,,33,125,146,42,33,8,1,0,17,20,16,1,26,4,0,1,2,4,1,.336,11.0%,17.8%,0.62,.428,.416,.844,.080,5.1,.424,-0.1,26,4.5,.393,112
Chas McCormick,sa3004174,last_30,AAA,30,HOU (AAA),Total,- - -,- - -,,,6,23,25,4,2,0,0,2,4,4,2,1,8,0,0,0,1,1,0,.174,8.0%,32.0%,0.25,.240,.435,.675,.261,6.6,.154,0.2,2,-1.5,.281,76
Chas McCormick,sa3004174,last_45,AAA,30,HOU (AAA),Total,- - -,- - -,,,6,23,25,4,2,0,0,2,4,4,2,1,8,0,0,0,1,1,0,.174,8.0%,32.0%,0.25,.240,.435,.675,.261,6.6,.154,0.2,2,-1.5,.281,76
Chas McCormick,sa3004174,last_15,AAA,30,HOU (AAA),Total,- - -,- - -,,,1,3,4,2,1,0,0,1,1,2,1,1,0,0,0,0,0,0,0,.667,25.0%,0.0%,1.00,.750,1.667,2.417,1.000,0.1,.500,0.0,3,2.2,1.055,510
Nate Mondou,sa873282,last_7,AAA,30,SDP (AAA),Total,- - -,- - -,,,5,22,23,7,7,0,0,0,1,2,1,0,4,0,0,0,1,0,0,.318,4.3%,17.4%,0.25,.348,.318,.666,.000,0.3,.389,-0.1,2,-0.9,.314,64
Bryan De La Cruz,sa828304,last_30,AAA,28,- - -,Total,- - -,- - -,,,12,51,56,13,7,3,0,3,4,7,3,0,14,1,1,0,3,0,0,.255,5.4%,25.0%,0.21,.304,.490,.794,.235,0.1,.286,-0.1,7,0.1,.343,103
Bryan De La Cruz,sa828304,last_45,AAA,28,- - -,Total,- - -,- - -,,,22,81,95,22,13,4,0,5,12,13,11,0,22,1,2,0,4,3,0,.272,11.6%,23.2%,0.50,.358,.506,.864,.235,4.4,.304,0.4,15,3.0,.377,125
Bryan De La Cruz,sa828304,last_15,AAA,28,- - -,Total,- - -,- - -,,,8,35,37,8,5,2,0,1,2,3,1,0,12,1,0,0,1,0,0,.229,2.7%,32.4%,0.08,.270,.371,.642,.143,0.3,.318,-0.1,3,-1.7,.287,67
Daniel Johnson,sa918018,last_45,AAA,29,SFG (AAA),Total,- - -,- - -,,,17,63,68,19,10,5,1,3,12,14,5,0,6,0,0,0,1,2,0,.302,7.4%,8.8%,0.83,.353,.556,.908,.254,7.5,.296,0.3,12,1.9,.390,130
Bryan De La Cruz,sa828304,last_7,AAA,28,- - -,Total,- - -,- - -,,,4,19,19,4,3,0,0,1,1,3,0,0,5,0,0,0,1,0,0,.211,0.0%,26.3%,0.00,.211,.368,.579,.158,0.1,.231,0.0,1,-1.5,.250,43
Daniel Johnson,sa918018,last_30,AAA,29,SFG (AAA),Total,- - -,- - -,,,17,63,68,19,10,5,1,3,12,14,5,0,6,0,0,0,1,2,0,.302,7.4%,8.8%,0.83,.353,.556,.908,.254,7.5,.296,0.3,12,1.9,.390,130
Mike Brosseau,sa918938,last_7,AAA,31,SDP (AAA),Total,- - -,- - -,,,4,15,17,3,2,1,0,0,1,0,2,0,6,0,0,0,0,0,0,.200,11.8%,35.3%,0.33,.294,.267,.561,.067,0.8,.333,0.0,1,-1.4,.271,37
Daniel Johnson,sa918018,last_15,AAA,29,SFG (AAA),Total,- - -,- - -,,,10,30,32,7,4,1,0,2,5,5,2,0,4,0,0,0,0,0,0,.233,6.3%,12.5%,0.50,.281,.467,.748,.233,2.2,.208,0.0,4,-1.1,.320,87
Daniel Johnson,sa918018,last_7,AAA,29,SFG (AAA),Total,- - -,- - -,,,6,17,18,5,3,1,0,1,3,3,1,0,1,0,0,0,0,0,0,.294,5.6%,5.6%,1.00,.333,.529,.863,.235,2.0,.267,0.0,3,0.2,.371,118
Darick Hall,sa918293,last_30,AAA,29,PIT (AAA),Total,- - -,- - -,,,9,30,35,4,3,1,0,0,3,1,5,0,14,0,0,0,2,0,0,.133,14.3%,40.0%,0.36,.257,.167,.424,.033,1.6,.250,-0.1,1,-3.3,.225,28
Mike Brosseau,sa918938,last_45,AAA,31,SDP (AAA),Total,- - -,- - -,,,29,104,123,24,18,2,0,4,14,14,16,0,26,3,0,0,1,2,1,.231,13.0%,21.1%,0.62,.350,.365,.715,.135,3.1,.270,-0.4,15,-2.8,.335,76
Mike Brosseau,sa918938,last_30,AAA,31,SDP (AAA),Total,- - -,- - -,,,19,73,83,19,14,2,0,3,7,12,9,0,16,1,0,0,1,1,1,.260,10.8%,19.3%,0.56,.349,.411,.760,.151,1.8,.296,-0.5,11,-1.0,.346,83
Darick Hall,sa918293,last_15,AAA,29,PIT (AAA),Total,- - -,- - -,,,5,17,18,3,3,0,0,0,2,0,1,0,10,0,0,0,1,0,0,.176,5.6%,55.6%,0.10,.222,.176,.399,.000,2.6,.429,0.0,0,-2.2,.194,7
Mike Brosseau,sa918938,last_15,AAA,31,SDP (AAA),Total,- - -,- - -,,,8,31,33,7,5,1,0,1,2,3,2,0,9,0,0,0,0,0,0,.226,6.1%,27.3%,0.22,.273,.355,.628,.129,0.3,.286,0.0,3,-2.4,.281,43
Darick Hall,sa918293,last_45,AAA,29,PIT (AAA),Total,- - -,- - -,,,17,62,70,11,9,2,0,0,5,3,8,0,21,0,0,0,3,0,0,.177,11.4%,30.0%,0.38,.271,.210,.481,.032,1.2,.268,-0.2,3,-5.7,.241,38
Darick Hall,sa918293,last_7,AAA,29,PIT (AAA),Total,- - -,- - -,,,4,13,14,1,1,0,0,0,1,0,1,0,9,0,0,0,0,0,0,.077,7.1%,64.3%,0.11,.143,.077,.220,.000,2.6,.250,0.0,-1,-2.6,.118,-42
Dairon Blanco,sa3005386,last_15,AAA,32,KCR (AAA),Total,- - -,- - -,,,6,24,26,5,2,2,1,0,4,2,1,0,7,0,0,1,0,2,0,.208,3.8%,26.9%,0.14,.240,.375,.615,.167,10.0,.294,0.4,2,-1.6,.268,51
Dairon Blanco,sa3005386,last_30,AAA,32,KCR (AAA),Total,- - -,- - -,,,16,59,66,13,5,5,1,2,11,4,5,0,11,0,0,2,0,6,0,.220,7.6%,16.7%,0.45,.281,.441,.722,.220,9.8,.239,1.1,7,-1.4,.316,81
Jhonny Pereda,sa735866,last_15,AAA,29,- - -,Total,- - -,- - -,,,3,11,13,2,1,1,0,0,2,0,2,0,3,0,0,0,0,0,0,.182,15.4%,23.1%,0.67,.308,.273,.580,.091,2.6,.250,0.0,1,-0.6,.281,59
Jhonny Pereda,sa735866,last_45,AAA,29,- - -,Total,- - -,- - -,,,19,61,72,15,12,2,0,1,8,5,10,0,17,0,1,0,1,0,0,.246,13.9%,23.6%,0.59,.347,.328,.675,.082,1.3,.318,-0.1,8,-2.3,.320,70
Dairon Blanco,sa3005386,last_45,AAA,32,KCR (AAA),Total,- - -,- - -,,,26,97,106,23,11,7,1,4,18,8,6,0,21,1,0,2,0,8,0,.237,5.7%,19.8%,0.29,.288,.454,.742,.216,9.2,.264,1.5,12,-1.4,.324,87
Jhonny Pereda,sa735866,last_7,AAA,29,- - -,Total,- - -,- - -,,,3,11,13,2,1,1,0,0,2,0,2,0,3,0,0,0,0,0,0,.182,15.4%,23.1%,0.67,.308,.273,.580,.091,2.6,.250,0.0,1,-0.6,.281,59
Jason Delay,sa857222,last_45,AAA,30,ATL (AAA),Total,- - -,- - -,,,19,63,71,14,12,2,0,0,2,4,5,0,10,2,0,0,3,0,0,.222,7.0%,14.1%,0.50,.300,.254,.554,.032,0.2,.264,-0.2,5,-4.4,.268,56
Dairon Blanco,sa3005386,last_7,AAA,32,KCR (AAA),Total,- - -,- - -,,,4,15,16,1,1,0,0,0,1,0,1,0,4,0,0,0,0,1,0,.067,6.3%,25.0%,0.25,.125,.067,.192,.000,7.5,.091,0.2,-1,-3.2,.103,-55
Jhonny Pereda,sa735866,last_30,AAA,29,- - -,Total,- - -,- - -,,,12,35,44,10,8,1,0,1,6,4,8,0,7,0,1,0,1,0,0,.286,18.2%,15.9%,1.14,.409,.400,.809,.114,1.4,.321,-0.1,7,1.0,.376,107
Jason Delay,sa857222,last_15,AAA,30,ATL (AAA),Total,- - -,- - -,,,8,26,30,8,7,1,0,0,1,3,3,0,4,1,0,0,1,0,0,.308,10.0%,13.3%,0.75,.400,.346,.746,.038,0.1,.364,-0.1,4,0.4,.355,113
Jason Delay,sa857222,last_30,AAA,30,ATL (AAA),Total,- - -,- - -,,,14,45,51,11,10,1,0,0,1,3,3,0,7,2,0,0,3,0,0,.244,5.9%,13.7%,0.43,.320,.267,.587,.022,0.1,.289,-0.1,4,-2.5,.283,66
Jason Delay,sa857222,last_7,AAA,30,ATL (AAA),Total,- - -,- - -,,,5,18,19,6,5,1,0,0,1,0,1,0,1,0,0,0,1,0,0,.333,5.3%,5.3%,1.00,.368,.389,.757,.056,0.4,.353,0.0,3,0.1,.347,107
Joshua Palacios,sa829562,last_45,AAA,29,CHW (AAA),Total,- - -,- - -,,,9,32,38,8,3,2,0,3,6,7,5,0,10,1,0,0,0,3,1,.250,13.2%,26.3%,0.50,.368,.594,.962,.344,5.3,.263,0.1,7,2.4,.413,140
Chuckie Robinson,sa918471,last_15,AAA,30,- - -,Total,- - -,- - -,,,7,28,29,12,9,2,0,1,6,8,1,0,9,0,0,0,1,1,0,.429,3.4%,31.0%,0.11,.448,.607,1.055,.179,5.4,.611,0.1,7,2.8,.465,171
Chuckie Robinson,sa918471,last_30,AAA,30,- - -,Total,- - -,- - -,,,14,53,58,15,12,2,0,1,10,11,5,0,15,0,0,0,1,1,0,.283,8.6%,25.9%,0.33,.345,.377,.722,.094,5.0,.378,0.1,7,-1.4,.332,88
Chuckie Robinson,sa918471,last_45,AAA,30,- - -,Total,- - -,- - -,,,22,77,89,21,16,2,0,3,18,17,12,0,22,0,0,0,4,1,0,.273,13.5%,24.7%,0.55,.371,.416,.786,.143,4.7,.346,0.0,13,0.1,.360,105
Chuckie Robinson,sa918471,last_7,AAA,30,- - -,Total,- - -,- - -,,,5,20,20,7,5,1,0,1,5,4,0,0,6,0,0,0,1,0,0,.350,0.0%,30.0%,0.00,.350,.550,.900,.200,2.6,.462,0.0,3,0.5,.389,123
René Pinto,sa826668,last_30,AAA,28,ARI (AAA),Total,- - -,- - -,,,15,60,64,17,11,4,0,2,8,8,3,0,22,0,1,0,2,0,0,.283,4.7%,34.4%,0.14,.313,.450,.763,.167,1.6,.405,-0.1,8,-1.6,.332,75
René Pinto,sa826668,last_45,AAA,28,ARI (AAA),Total,- - -,- - -,,,24,97,103,24,13,8,0,3,14,18,4,0,33,0,2,0,3,0,0,.247,3.9%,32.0%,0.12,.272,.423,.695,.175,2.3,.333,-0.1,9,-5.7,.299,55
René Pinto,sa826668,last_15,AAA,28,ARI (AAA),Total,- - -,- - -,,,8,31,35,9,7,1,0,1,6,6,3,0,9,0,1,0,1,0,0,.290,8.6%,25.7%,0.33,.343,.419,.762,.129,2.4,.364,-0.1,5,-0.6,.340,80
Drew Ellis,sa3004687,last_15,AAA,29,SFG (AAA),Total,- - -,- - -,,,4,11,11,1,1,0,0,0,1,0,0,0,4,0,0,0,0,0,0,.091,0.0%,36.4%,0.00,.091,.091,.182,.000,2.6,.143,0.0,-1,-2.8,.084,-60
Drew Ellis,sa3004687,last_45,AAA,29,SFG (AAA),Total,- - -,- - -,,,24,78,93,16,9,3,0,4,14,11,11,0,27,3,1,0,3,0,0,.205,11.8%,29.0%,0.41,.323,.397,.720,.192,2.2,.250,-0.1,11,-2.8,.326,90
Drew Ellis,sa3004687,last_30,AAA,29,SFG (AAA),Total,- - -,- - -,,,14,44,55,9,7,1,0,1,9,5,9,0,16,1,1,0,2,0,0,.205,16.4%,29.1%,0.56,.345,.295,.641,.091,2.5,.286,-0.1,6,-2.3,.313,82
René Pinto,sa826668,last_7,AAA,28,ARI (AAA),Total,- - -,- - -,,,4,16,17,6,4,1,0,1,4,3,1,0,3,0,0,0,0,0,0,.375,5.9%,17.6%,0.33,.412,.625,1.037,.250,2.6,.417,0.0,4,1.4,.447,147
Tristan Gray,sa829756,last_30,AAA,29,CHW (AAA),Total,- - -,- - -,,,13,48,56,10,6,3,1,0,3,7,3,0,10,1,4,0,1,0,0,.208,5.4%,17.9%,0.30,.250,.313,.563,.104,3.5,.238,-0.1,3,-4.4,.248,33
Tristan Gray,sa829756,last_45,AAA,29,CHW (AAA),Total,- - -,- - -,,,23,81,96,21,13,5,2,1,8,11,9,0,17,2,4,0,2,3,1,.259,9.4%,17.7%,0.53,.333,.407,.741,.148,6.3,.299,-0.1,12,-0.9,.329,86
Emmanuel Rivera,sa875798,last_45,AAA,29,BAL (AAA),Total,- - -,- - -,,,22,79,89,22,18,2,1,1,8,7,8,0,26,2,0,0,3,2,0,.278,9.0%,29.2%,0.31,.360,.367,.727,.089,6.1,.404,0.2,11,-0.2,.337,102
Drew Ellis,sa3004687,last_7,AAA,29,SFG (AAA),Total,- - -,- - -,,,2,7,7,1,1,0,0,0,1,0,0,0,3,0,0,0,0,0,0,.143,0.0%,42.9%,0.00,.143,.143,.286,.000,2.6,.250,0.0,0,-1.5,.132,-30
Emmanuel Rivera,sa875798,last_30,AAA,29,BAL (AAA),Total,- - -,- - -,,,15,55,60,18,15,1,1,1,6,6,4,0,16,1,0,0,1,2,0,.327,6.7%,26.7%,0.25,.383,.436,.820,.109,6.8,.447,0.2,9,1.6,.372,124
Tristan Gray,sa829756,last_15,AAA,29,CHW (AAA),Total,- - -,- - -,,,6,23,27,4,1,2,1,0,3,3,2,0,4,0,2,0,0,0,0,.174,7.4%,14.8%,0.50,.222,.348,.570,.174,5.1,.190,0.0,1,-2.3,.241,29
Tristan Gray,sa829756,last_7,AAA,29,CHW (AAA),Total,- - -,- - -,,,1,2,4,1,0,1,0,0,1,0,2,0,0,0,0,0,0,0,0,.500,50.0%,0.0%,2.00,.750,1.000,1.750,.500,1.6,.500,0.0,2,1.2,.685,315
Emmanuel Rivera,sa875798,last_15,AAA,29,BAL (AAA),Total,- - -,- - -,,,9,35,37,16,13,1,1,1,5,6,2,0,8,0,0,0,1,1,0,.457,5.4%,21.6%,0.25,.486,.629,1.115,.171,6.4,.577,0.1,10,4.8,.493,202
Diego Castillo,sa872839,last_45,AAA,27,- - -,Total,- - -,- - -,,,22,72,83,18,15,1,0,2,13,8,11,0,19,0,0,0,0,0,1,.250,13.3%,22.9%,0.58,.349,.347,.697,.097,2.6,.314,-0.7,10,-1.0,.326,88
Diego Castillo,sa872839,last_30,AAA,27,- - -,Total,- - -,- - -,,,17,54,61,14,12,1,0,1,9,7,7,0,15,0,0,0,0,0,1,.259,11.5%,24.6%,0.47,.344,.333,.678,.074,2.7,.342,-0.6,7,-1.1,.318,83
Diego Castillo,sa872839,last_7,AAA,27,- - -,Total,- - -,- - -,,,4,12,12,2,2,0,0,0,1,0,0,0,1,0,0,0,0,0,0,.167,0.0%,8.3%,0.00,.167,.167,.333,.000,2.6,.182,0.0,0,-1.9,.153,-23
Daulton Varsho,sa3002838,last_30,AAA,28,TOR (AAA),Total,- - -,- - -,,,7,22,23,5,2,0,0,3,4,7,1,0,5,0,0,0,1,0,0,.227,4.3%,21.7%,0.20,.261,.636,.897,.409,1.6,.143,0.0,4,0.8,.390,131
Dylan Carlson,sa917940,last_15,AAA,26,BAL (AAA),Total,- - -,- - -,,,2,8,10,3,1,0,0,2,4,3,2,0,1,0,0,0,0,0,0,.375,20.0%,10.0%,2.00,.500,1.125,1.625,.750,2.6,.200,0.0,4,2.5,.638,295
Logan Porter,sa3007750,last_7,AAA,29,SFG (AAA),Total,- - -,- - -,,,3,10,11,2,1,1,0,0,2,0,1,0,1,0,0,0,0,0,0,.200,9.1%,9.1%,1.00,.273,.300,.573,.100,2.6,.222,0.0,1,-0.9,.267,53
Vinny Capra,sa3006731,last_7,AAA,28,CHW (AAA),Total,- - -,- - -,,,4,12,14,0,0,0,0,0,0,0,2,0,6,0,0,0,0,1,0,.000,14.3%,42.9%,0.33,.143,.000,.143,.000,5.0,.000,0.2,-1,-2.8,.105,-59
Nick Sogard,sa1169919,last_15,AAA,27,BOS (AAA),Total,- - -,- - -,,,10,38,46,11,8,3,0,0,5,2,6,0,6,2,0,0,0,4,0,.289,13.0%,13.0%,1.00,.413,.368,.781,.079,5.6,.344,0.7,7,1.2,.371,120
Hunter Bishop,sa3011413,last_7,AAA,27,SFG (AAA),Total,- - -,- - -,,,1,3,3,0,0,0,0,0,0,0,0,0,2,0,0,0,0,0,0,.000,0.0%,66.7%,0.00,.000,.000,.000,.000,0.1,.000,0.0,-1,-1.0,.000,-100
Blaze Jordan,sa3014537,last_30,AAA,22,BOS (AAA),Total,- - -,- - -,,,21,78,83,24,18,3,0,3,13,12,5,0,8,0,0,0,1,0,1,.308,6.0%,9.6%,0.63,.349,.462,.811,.154,2.5,.313,-0.6,12,1.5,.361,113
