player_name,player_id,timeframe,aLevel,Age,TeamName,Date,Team,Opp,GS,W,L,ERA,CG,ShO,SV,IP,TBF,H,R,ER,HR,BB,IBB,HBP,WP,BK,SO,K/9,BB/9,K/BB,HR/9,K%,BB%,K-BB%,AVG,WHIP,BABIP,LOB%,FIP
Erasmo Ramírez,sa504792,last_45,AAA,35.0,MIN (AAA),Total,- - -,- - -,1,1,1,6.00,0,0,0,15.0,67,17,11,10,1,4,0,0,0,1,15,9.00,2.40,3.75,0.60,22.4%,6.0%,16.4%,.270,1.40,.340,51.0%,3.17
Brooks Raley,sa501562,last_30,AAA,37.0,NYM (AAA),Total,- - -,- - -,0,1,0,0.00,0,0,0,4.1,19,3,0,0,0,1,0,3,0,0,5,10.38,2.08,5.00,0.00,26.3%,5.3%,21.1%,.200,0.92,.300,100.0%,3.89
Erasmo Ramírez,sa504792,last_30,AAA,35.0,MIN (AAA),Total,- - -,- - -,0,1,1,6.55,0,0,0,11.0,51,14,9,8,1,3,0,0,0,0,12,9.82,2.45,4.00,0.82,23.5%,5.9%,17.6%,.292,1.55,.371,51.3%,3.30
Kyle Gibson,sa500733,last_45,AAA,37.0,- - -,Total,- - -,- - -,1,1,0,0.00,0,0,0,5.0,19,2,0,0,0,2,0,0,0,0,8,14.40,3.60,4.00,0.00,42.1%,10.5%,31.6%,.118,0.80,.222,100.0%,1.48
Brooks Raley,sa501562,last_60,AAA,37.0,NYM (AAA),Total,- - -,- - -,1,1,0,0.00,0,0,0,9.0,36,7,0,0,0,1,0,3,0,0,13,13.00,1.00,13.00,0.00,36.1%,2.8%,33.3%,.219,0.89,.368,100.0%,1.87
Brooks Raley,sa501562,last_45,AAA,37.0,NYM (AAA),Total,- - -,- - -,1,1,0,0.00,0,0,0,9.0,36,7,0,0,0,1,0,3,0,0,13,13.00,1.00,13.00,0.00,36.1%,2.8%,33.3%,.219,0.89,.368,100.0%,1.87
Erasmo Ramírez,sa504792,last_60,AAA,35.0,MIN (AAA),Total,- - -,- - -,1,1,1,6.00,0,0,0,15.0,67,17,11,10,1,4,0,0,0,1,15,9.00,2.40,3.75,0.60,22.4%,6.0%,16.4%,.270,1.40,.340,51.0%,3.17
Michael Tonkin,sa455561,last_15,AAA,35.0,MIN (AAA),Total,- - -,- - -,0,0,0,4.50,0,0,0,4.0,14,1,2,2,1,0,0,1,0,0,6,13.50,0.00,6.00,2.25,42.9%,0.0%,42.9%,.077,0.25,.000,0.0%,4.48
Kyle Gibson,sa500733,last_60,AAA,37.0,- - -,Total,- - -,- - -,3,1,0,0.00,0,0,0,14.1,53,8,0,0,0,5,0,0,0,0,20,12.56,3.14,4.00,0.00,37.7%,9.4%,28.3%,.167,0.91,.286,100.0%,1.74
Michael Tonkin,sa455561,last_60,AAA,35.0,MIN (AAA),Total,- - -,- - -,0,2,0,3.10,0,0,0,20.1,80,14,8,7,3,3,0,4,0,0,24,10.62,1.33,8.00,1.33,30.0%,3.8%,26.3%,.192,0.84,.239,77.4%,4.07
Scott Alexander,sa526516,last_60,AAA,35.0,SFG (AAA),Total,- - -,- - -,0,0,0,13.50,0,0,0,5.1,31,12,8,8,1,2,0,0,0,0,3,5.06,3.38,1.50,1.69,9.7%,6.5%,3.2%,.414,2.63,.440,47.6%,6.39
Michael Tonkin,sa455561,last_30,AAA,35.0,MIN (AAA),Total,- - -,- - -,0,1,0,1.93,0,0,0,9.1,35,2,2,2,1,2,0,3,0,0,12,11.57,1.93,6.00,0.96,34.3%,5.7%,28.6%,.067,0.43,.059,89.3%,3.91
Michael Tonkin,sa455561,last_45,AAA,35.0,MIN (AAA),Total,- - -,- - -,0,2,0,2.76,0,0,0,16.1,63,9,6,5,3,2,0,4,0,0,21,11.57,1.10,10.50,1.65,33.3%,3.2%,30.2%,.158,0.67,.182,83.3%,4.40
Scott Alexander,sa526516,last_45,AAA,35.0,SFG (AAA),Total,- - -,- - -,0,0,0,21.60,0,0,0,3.1,24,11,8,8,1,2,0,0,0,0,3,8.10,5.40,1.50,2.70,12.5%,8.3%,4.2%,.500,3.90,.556,43.1%,7.85
Erasmo Ramírez,sa504792,last_15,AAA,35.0,MIN (AAA),Total,- - -,- - -,0,1,1,7.20,0,0,0,5.0,24,8,4,4,0,1,0,0,0,0,5,9.00,1.80,5.00,0.00,20.8%,4.2%,16.7%,.348,1.80,.444,55.6%,2.08
Michael Mariot,sa548433,last_60,AAA,36.0,SEA (AAA),Total,- - -,- - -,1,1,0,6.75,0,0,0,16.0,74,22,12,12,4,4,0,1,0,0,14,7.88,2.25,3.50,2.25,18.9%,5.4%,13.5%,.319,1.63,.353,70.1%,6.39
Michael Mariot,sa548433,last_30,AAA,36.0,SEA (AAA),Total,- - -,- - -,1,0,0,7.45,0,0,0,9.2,45,15,8,8,3,2,0,0,0,0,9,8.38,1.86,4.50,2.79,20.0%,4.4%,15.6%,.349,1.76,.387,70.3%,6.74
Michael Mariot,sa548433,last_15,AAA,36.0,SEA (AAA),Total,- - -,- - -,0,0,0,3.37,0,0,0,2.2,12,3,1,1,1,1,0,0,0,0,2,6.75,3.37,2.00,3.37,16.7%,8.3%,8.3%,.273,1.50,.250,100.0%,8.45
Michael Mariot,sa548433,last_45,AAA,36.0,SEA (AAA),Total,- - -,- - -,1,0,0,8.31,0,0,0,13.0,65,22,12,12,4,4,0,1,0,0,12,8.31,2.77,3.00,2.77,18.5%,6.2%,12.3%,.367,2.00,.409,70.1%,7.26
Casey Lawrence,sa549433,last_60,AAA,37.0,SEA (AAA),Total,- - -,- - -,8,6,1,4.28,1,0,0,48.1,192,44,24,23,7,5,0,2,1,1,24,4.47,0.93,4.80,1.30,12.5%,2.6%,9.9%,.238,1.01,.240,65.5%,5.27
Casey Lawrence,sa549433,last_45,AAA,37.0,SEA (AAA),Total,- - -,- - -,7,6,1,4.67,1,0,0,44.1,178,42,24,23,7,4,0,2,1,1,20,4.06,0.81,5.00,1.42,11.2%,2.2%,9.0%,.244,1.04,.241,62.8%,5.50
Casey Lawrence,sa549433,last_15,AAA,37.0,SEA (AAA),Total,- - -,- - -,3,3,0,4.71,1,0,0,21.0,80,17,12,11,4,2,0,0,1,0,8,3.43,0.86,4.00,1.71,10.0%,2.5%,7.5%,.218,0.90,.197,52.2%,5.95
Casey Lawrence,sa549433,last_30,AAA,37.0,SEA (AAA),Total,- - -,- - -,5,5,0,3.71,1,0,0,34.0,133,30,15,14,6,3,0,0,1,1,17,4.50,0.79,5.67,1.59,12.8%,2.3%,10.5%,.231,0.97,.224,73.2%,5.51
Scott Alexander,sa526516,last_30,AAA,35.0,SFG (AAA),Total,- - -,- - -,0,0,0,40.50,0,0,0,0.2,7,4,3,3,0,1,0,0,0,0,1,13.50,13.50,1.00,0.00,14.3%,14.3%,0.0%,.667,7.50,.800,40.0%,5.45
Vince Velasquez,sa548239,last_45,AAA,33.0,CLE (AAA),Total,- - -,- - -,6,2,1,2.73,0,0,0,29.2,126,28,9,9,3,16,0,1,2,1,35,10.62,4.85,2.19,0.91,27.8%,12.7%,15.1%,.257,1.48,.352,88.2%,4.16
Vince Velasquez,sa548239,last_15,AAA,33.0,CLE (AAA),Total,- - -,- - -,2,0,1,4.32,0,0,0,8.1,39,8,4,4,1,6,0,1,0,0,10,10.80,6.48,1.67,1.08,25.6%,15.4%,10.3%,.250,1.68,.333,80.9%,5.16
Vince Velasquez,sa548239,last_60,AAA,33.0,CLE (AAA),Total,- - -,- - -,9,4,2,2.44,0,0,0,44.1,183,35,15,12,3,22,0,1,3,1,55,11.17,4.47,2.50,0.61,30.1%,12.0%,18.0%,.219,1.29,.314,79.9%,3.44
Vince Velasquez,sa548239,last_30,AAA,33.0,CLE (AAA),Total,- - -,- - -,4,1,1,3.57,0,0,0,17.2,79,15,7,7,2,12,0,1,1,0,24,12.23,6.11,2.00,1.02,30.4%,15.2%,15.2%,.227,1.53,.325,83.3%,4.44
José Ureña,sa506871,last_15,AAA,33.0,- - -,Total,- - -,- - -,2,0,0,0.00,0,0,0,7.0,30,7,0,0,0,3,0,1,0,0,6,7.71,3.86,2.00,0.00,20.0%,10.0%,10.0%,.269,1.43,.350,100.0%,3.48
José Ureña,sa506871,last_60,AAA,33.0,- - -,Total,- - -,- - -,4,0,1,4.05,0,0,0,13.1,60,13,6,6,1,10,0,2,0,0,13,8.78,6.75,1.30,0.68,21.7%,16.7%,5.0%,.271,1.73,.353,80.5%,5.21
José Ureña,sa506871,last_30,AAA,33.0,- - -,Total,- - -,- - -,4,0,1,4.05,0,0,0,13.1,60,13,6,6,1,10,0,2,0,0,13,8.78,6.75,1.30,0.68,21.7%,16.7%,5.0%,.271,1.73,.353,80.5%,5.21
Noah Syndergaard,sa548169,last_15,AAA,32.0,CHW (AAA),Total,- - -,- - -,3,0,1,9.53,0,0,0,11.1,51,16,13,12,5,1,0,0,1,0,5,3.97,0.79,5.00,3.97,9.8%,2.0%,7.8%,.320,1.50,.275,40.0%,8.90
José Ureña,sa506871,last_45,AAA,33.0,- - -,Total,- - -,- - -,4,0,1,4.05,0,0,0,13.1,60,13,6,6,1,10,0,2,0,0,13,8.78,6.75,1.30,0.68,21.7%,16.7%,5.0%,.271,1.73,.353,80.5%,5.21
Noah Syndergaard,sa548169,last_30,AAA,32.0,CHW (AAA),Total,- - -,- - -,5,1,1,6.20,0,0,0,20.1,86,23,15,14,5,2,0,0,1,0,12,5.31,0.89,6.00,2.21,14.0%,2.3%,11.6%,.274,1.23,.269,55.6%,6.41
Noah Syndergaard,sa548169,last_60,AAA,32.0,CHW (AAA),Total,- - -,- - -,6,1,1,5.40,0,0,0,23.1,95,24,15,14,5,2,0,0,1,0,14,5.40,0.77,7.00,1.93,14.7%,2.1%,12.6%,.258,1.11,.257,57.9%,5.99
Scott McGough,sa597876,last_30,AAA,35.0,- - -,Total,- - -,- - -,0,1,0,4.76,0,0,0,5.2,23,4,3,3,1,2,1,0,1,0,6,9.53,3.18,3.00,1.59,26.1%,8.7%,17.4%,.190,1.06,.214,65.2%,5.18
Scott McGough,sa597876,last_60,AAA,35.0,- - -,Total,- - -,- - -,0,2,0,3.00,0,0,1,12.0,48,8,4,4,2,4,1,1,1,0,12,9.00,3.00,3.00,1.50,25.0%,8.3%,16.7%,.186,1.00,.207,88.2%,5.36
Scott McGough,sa597876,last_45,AAA,35.0,- - -,Total,- - -,- - -,0,2,0,3.18,0,0,1,11.1,45,7,4,4,2,4,1,1,1,0,12,9.53,3.18,3.00,1.59,26.7%,8.9%,17.8%,.175,0.97,.192,87.0%,5.45
Noah Syndergaard,sa548169,last_45,AAA,32.0,CHW (AAA),Total,- - -,- - -,6,1,1,5.40,0,0,0,23.1,95,24,15,14,5,2,0,0,1,0,14,5.40,0.77,7.00,1.93,14.7%,2.1%,12.6%,.258,1.11,.257,57.9%,5.99
Scott McGough,sa597876,last_15,AAA,35.0,- - -,Total,- - -,- - -,0,0,0,0.00,0,0,0,2.0,7,1,0,0,0,0,0,0,0,0,2,9.00,0.00,2.00,0.00,28.6%,0.0%,28.6%,.143,0.50,.200,100.0%,1.95
Aaron Brooks,sa598236,last_15,AAA,35.0,OAK (AAA),Total,- - -,- - -,1,0,1,2.61,0,0,0,10.1,49,10,5,3,1,6,0,1,0,0,9,7.84,5.23,1.50,0.87,18.4%,12.2%,6.1%,.238,1.55,.281,76.9%,5.50
Aaron Brooks,sa598236,last_45,AAA,35.0,OAK (AAA),Total,- - -,- - -,6,2,2,4.30,0,0,0,37.2,165,34,22,18,6,16,0,2,0,0,26,6.21,3.82,1.63,1.43,15.8%,9.7%,6.1%,.231,1.33,.243,68.8%,6.07
Aaron Brooks,sa598236,last_60,AAA,35.0,OAK (AAA),Total,- - -,- - -,8,2,3,4.25,0,0,0,48.2,217,49,28,23,6,22,0,2,0,0,37,6.84,4.07,1.68,1.11,17.1%,10.1%,6.9%,.254,1.46,.287,69.7%,5.39
Aaron Brooks,sa598236,last_30,AAA,35.0,OAK (AAA),Total,- - -,- - -,3,1,1,2.91,0,0,0,21.2,96,20,11,7,1,10,0,1,0,0,16,6.65,4.15,1.60,0.42,16.7%,10.4%,6.3%,.235,1.38,.279,67.6%,4.59
Blake Treinen,sa549672,last_60,AAA,37.0,LAD (AAA),Total,- - -,- - -,1,0,0,1.29,0,0,0,7.0,24,1,2,1,1,1,0,0,0,0,10,12.86,1.29,10.00,1.29,41.7%,4.2%,37.5%,.043,0.29,.000,0.0%,3.45
Blake Treinen,sa549672,last_30,AAA,37.0,LAD (AAA),Total,- - -,- - -,1,0,0,1.29,0,0,0,7.0,24,1,2,1,1,1,0,0,0,0,10,12.86,1.29,10.00,1.29,41.7%,4.2%,37.5%,.043,0.29,.000,0.0%,3.45
Blake Treinen,sa549672,last_15,AAA,37.0,LAD (AAA),Total,- - -,- - -,0,0,0,0.00,0,0,0,4.0,12,0,0,0,0,0,0,0,0,0,6,13.50,0.00,6.00,0.00,50.0%,0.0%,50.0%,.000,0.00,.000,100.0%,0.95
Jacob Barnes,sa579271,last_30,AAA,35.0,TOR (AAA),Total,- - -,- - -,0,0,0,6.35,0,0,0,5.2,28,8,6,4,0,4,0,0,0,0,5,7.94,6.35,1.25,0.00,17.9%,14.3%,3.6%,.333,2.12,.421,50.0%,3.83
Jacob Barnes,sa579271,last_45,AAA,35.0,TOR (AAA),Total,- - -,- - -,0,1,0,4.22,0,0,0,10.2,48,11,7,5,0,6,0,0,0,0,11,9.28,5.06,1.83,0.00,22.9%,12.5%,10.4%,.262,1.59,.355,58.8%,3.11
Jacob Barnes,sa579271,last_60,AAA,35.0,TOR (AAA),Total,- - -,- - -,0,1,1,4.40,0,0,0,14.1,65,15,11,7,0,8,0,0,0,0,13,8.16,5.02,1.63,0.00,20.0%,12.3%,7.7%,.263,1.60,.341,52.2%,3.34
Jacob Barnes,sa579271,last_15,AAA,35.0,TOR (AAA),Total,- - -,- - -,0,0,0,0.00,0,0,0,0.2,5,1,2,0,0,1,0,0,0,0,1,13.50,13.50,1.00,0.00,20.0%,20.0%,0.0%,.250,3.00,.333,0.0%,4.98
Chris Devenski,sa599312,last_30,AAA,34.0,NYM (AAA),Total,- - -,- - -,1,0,0,13.50,0,0,0,1.1,6,2,2,2,1,0,0,0,0,0,1,6.75,0.00,1.00,6.75,16.7%,0.0%,16.7%,.333,1.50,.250,0.0%,11.73
Chris Devenski,sa599312,last_45,AAA,34.0,NYM (AAA),Total,- - -,- - -,1,0,1,20.25,0,0,0,2.2,17,9,6,6,2,0,0,0,0,0,2,6.75,0.00,2.00,6.75,11.8%,0.0%,11.8%,.529,3.38,.538,48.4%,11.73
Blake Treinen,sa549672,last_45,AAA,37.0,LAD (AAA),Total,- - -,- - -,1,0,0,1.29,0,0,0,7.0,24,1,2,1,1,1,0,0,0,0,10,12.86,1.29,10.00,1.29,41.7%,4.2%,37.5%,.043,0.29,.000,0.0%,3.45
Chris Devenski,sa599312,last_60,AAA,34.0,NYM (AAA),Total,- - -,- - -,1,0,2,10.80,0,0,0,6.2,32,14,8,8,4,0,0,0,0,0,4,5.40,0.00,4.00,5.40,12.5%,0.0%,12.5%,.438,2.10,.417,71.4%,10.08
John Brebbia,sa577972,last_15,AAA,35.0,- - -,Total,- - -,- - -,0,0,0,0.00,0,0,2,4.0,15,3,0,0,0,0,0,0,0,0,4,9.00,0.00,4.00,0.00,26.7%,0.0%,26.7%,.200,0.75,.273,100.0%,1.48
John Brebbia,sa577972,last_60,AAA,35.0,- - -,Total,- - -,- - -,0,1,0,1.80,0,0,2,10.0,38,8,2,2,0,1,0,0,0,0,9,8.10,0.90,9.00,0.00,23.7%,2.6%,21.1%,.216,0.90,.286,77.8%,1.98
John Brebbia,sa577972,last_45,AAA,35.0,- - -,Total,- - -,- - -,0,1,0,1.80,0,0,2,10.0,38,8,2,2,0,1,0,0,0,0,9,8.10,0.90,9.00,0.00,23.7%,2.6%,21.1%,.216,0.90,.286,77.8%,1.98
Burch Smith,sa503824,last_45,AAA,35.0,PIT (AAA),Total,- - -,- - -,0,1,0,7.45,0,0,0,9.2,48,9,10,8,3,8,0,0,0,0,11,10.24,7.45,1.38,2.79,22.9%,16.7%,6.3%,.225,1.76,.231,54.7%,7.72
John Brebbia,sa577972,last_30,AAA,35.0,- - -,Total,- - -,- - -,0,1,0,2.00,0,0,2,9.0,34,6,2,2,0,1,0,0,0,0,7,7.00,1.00,7.00,0.00,20.6%,2.9%,17.6%,.182,0.78,.231,71.4%,2.26
Burch Smith,sa503824,last_60,AAA,35.0,PIT (AAA),Total,- - -,- - -,0,1,0,6.88,0,0,0,17.0,84,20,15,13,3,10,0,1,0,1,22,11.65,5.29,2.20,1.59,26.2%,11.9%,14.3%,.274,1.76,.354,59.7%,5.13
Burch Smith,sa503824,last_30,AAA,35.0,PIT (AAA),Total,- - -,- - -,0,1,0,3.38,0,0,0,5.1,24,4,4,2,2,2,0,0,0,0,4,6.75,3.38,2.00,3.38,16.7%,8.3%,8.3%,.182,1.13,.125,62.5%,7.98
Mike Clevinger,sa597956,last_30,AAA,34.0,CHW (AAA),Total,- - -,- - -,4,0,0,4.42,0,0,0,18.1,79,21,9,9,6,5,0,0,0,0,17,8.35,2.45,3.40,2.95,21.5%,6.3%,15.2%,.284,1.42,.294,96.6%,6.70
Mike Clevinger,sa597956,last_60,AAA,34.0,CHW (AAA),Total,- - -,- - -,8,3,0,2.97,0,0,0,39.1,158,35,13,13,8,9,0,1,0,0,41,9.38,2.06,4.56,1.83,25.9%,5.7%,20.3%,.236,1.12,.273,94.7%,4.80
Burch Smith,sa503824,last_15,AAA,35.0,PIT (AAA),Total,- - -,- - -,0,0,0,0.00,0,0,0,1.1,7,1,0,0,0,1,0,0,0,0,2,13.50,6.75,2.00,0.00,28.6%,14.3%,14.3%,.167,1.50,.250,100.0%,2.73
Mike Clevinger,sa597956,last_15,AAA,34.0,CHW (AAA),Total,- - -,- - -,2,0,0,5.19,0,0,0,8.2,37,10,5,5,3,3,0,0,0,0,7,7.27,3.12,2.33,3.12,18.9%,8.1%,10.8%,.294,1.50,.292,90.9%,7.40
Mike Clevinger,sa597956,last_45,AAA,34.0,CHW (AAA),Total,- - -,- - -,6,2,0,4.13,0,0,0,28.1,121,30,13,13,8,7,0,1,0,0,31,9.85,2.22,4.43,2.54,25.6%,5.8%,19.8%,.265,1.31,.297,93.3%,5.81
Colten Brewer,sa597829,last_60,AAA,32.0,NYY (AAA),Total,- - -,- - -,0,1,1,3.86,0,0,2,9.1,33,4,4,4,0,3,0,2,1,0,6,5.79,2.89,2.00,0.00,18.2%,9.1%,9.1%,.143,0.75,.182,55.6%,3.80
Colten Brewer,sa597829,last_45,AAA,32.0,NYY (AAA),Total,- - -,- - -,0,0,0,6.00,0,0,1,3.0,11,2,2,2,0,1,0,1,1,0,2,6.00,3.00,2.00,0.00,18.2%,9.1%,9.1%,.222,1.00,.286,50.0%,4.15
Anthony DeSclafani,sa455459,last_60,AAA,35.0,NYY (AAA),Total,- - -,- - -,2,1,0,3.72,0,0,0,9.2,44,10,5,4,0,7,0,0,1,0,8,7.45,6.52,1.14,0.00,18.2%,15.9%,2.3%,.270,1.76,.345,70.6%,4.00
Derek Law,sa502368,last_60,AAA,34.0,WSN (AAA),Total,- - -,- - -,3,0,1,11.57,0,0,0,4.2,24,8,6,6,2,2,0,0,0,0,2,3.86,3.86,1.00,3.86,8.3%,8.3%,0.0%,.364,2.14,.333,55.6%,9.35
Derek Law,sa502368,last_45,AAA,34.0,WSN (AAA),Total,- - -,- - -,3,0,1,11.57,0,0,0,4.2,24,8,6,6,2,2,0,0,0,0,2,3.86,3.86,1.00,3.86,8.3%,8.3%,0.0%,.364,2.14,.333,55.6%,9.35
Derek Law,sa502368,last_30,AAA,34.0,WSN (AAA),Total,- - -,- - -,0,0,0,0.00,0,0,0,1.0,5,0,0,0,0,1,0,0,0,0,1,9.00,9.00,1.00,0.00,20.0%,20.0%,0.0%,.000,1.00,.000,100.0%,4.48
Jordan Weems,sa597862,last_15,AAA,32.0,- - -,Total,- - -,- - -,0,0,0,0.00,0,0,0,3.1,11,1,0,0,0,0,0,0,0,0,2,5.40,0.00,2.00,0.00,18.2%,0.0%,18.2%,.091,0.30,.111,100.0%,2.75
Jordan Weems,sa597862,last_30,AAA,32.0,- - -,Total,- - -,- - -,0,0,0,1.69,0,0,0,5.1,19,2,1,1,0,1,0,0,1,0,6,10.13,1.69,6.00,0.00,31.6%,5.3%,26.3%,.111,0.56,.167,66.7%,2.26
Michael Fulmer,sa597764,last_60,AAA,32.0,- - -,Total,- - -,- - -,1,0,1,6.23,0,0,3,17.1,75,16,13,12,2,7,0,2,0,0,19,9.87,3.63,2.71,1.04,25.3%,9.3%,16.0%,.242,1.33,.311,54.1%,4.35
Michael Fulmer,sa597764,last_15,AAA,32.0,- - -,Total,- - -,- - -,0,0,1,7.71,0,0,2,4.2,23,6,5,4,1,2,0,1,0,0,7,13.50,3.86,3.50,1.93,30.4%,8.7%,21.7%,.300,1.71,.417,52.6%,5.20
Jordan Weems,sa597862,last_45,AAA,32.0,- - -,Total,- - -,- - -,0,1,0,1.93,0,0,0,9.1,37,5,2,2,0,5,0,0,1,0,9,8.68,4.82,1.80,0.00,24.3%,13.5%,10.8%,.156,1.07,.217,80.0%,3.63
Jordan Weems,sa597862,last_60,AAA,32.0,- - -,Total,- - -,- - -,0,2,1,3.24,0,0,0,16.2,70,15,6,6,1,7,0,0,2,0,16,8.64,3.78,2.29,0.54,22.9%,10.0%,12.9%,.238,1.32,.304,77.7%,4.07
Jesse Hahn,sa526877,last_30,AAA,35.0,SEA (AAA),Total,- - -,- - -,0,0,0,10.57,0,0,2,7.2,43,14,9,9,1,6,0,1,1,0,8,9.39,7.04,1.33,1.17,18.6%,14.0%,4.7%,.389,2.61,.481,61.2%,6.30
Jesse Hahn,sa526877,last_15,AAA,35.0,SEA (AAA),Total,- - -,- - -,0,0,0,2.45,0,0,1,3.2,18,4,1,1,0,4,0,0,0,0,3,7.36,9.82,0.75,0.00,16.7%,22.2%,-5.6%,.286,2.18,.364,87.5%,5.58
Danny Coulombe,sa455412,last_60,AAA,35.0,MIN (AAA),Total,- - -,- - -,0,0,0,0.00,0,0,0,1.0,3,0,0,0,0,0,0,0,0,0,0,0.00,0.00,0.00,0.00,0.0%,0.0%,0.0%,.000,0.00,.000,100.0%,3.48
Jesse Hahn,sa526877,last_45,AAA,35.0,SEA (AAA),Total,- - -,- - -,0,0,1,9.00,0,0,3,12.0,64,18,12,12,2,9,1,1,1,0,14,10.50,6.75,1.56,1.50,21.9%,14.1%,7.8%,.333,2.25,.421,63.5%,6.28
Michael Fulmer,sa597764,last_30,AAA,32.0,- - -,Total,- - -,- - -,0,0,1,7.84,0,0,2,10.1,48,13,10,9,1,4,0,1,0,0,12,10.45,3.48,3.00,0.87,25.0%,8.3%,16.7%,.302,1.65,.400,48.2%,3.87
Adrian Sampson,sa598288,last_60,AAA,33.0,WSN (AAA),Total,- - -,- - -,5,2,1,3.65,0,0,0,24.2,102,25,11,10,3,6,0,2,0,3,22,8.03,2.19,3.67,1.09,21.6%,5.9%,15.7%,.266,1.26,.319,76.4%,4.22
Adrian Sampson,sa598288,last_30,AAA,33.0,WSN (AAA),Total,- - -,- - -,2,1,0,2.79,0,0,0,9.2,38,8,3,3,0,3,0,0,0,0,16,14.90,2.79,5.33,0.00,42.1%,7.9%,34.2%,.229,1.14,.421,72.7%,1.03
Jesse Hahn,sa526877,last_60,AAA,35.0,SEA (AAA),Total,- - -,- - -,0,0,1,6.35,0,0,5,17.0,82,21,12,12,2,10,1,1,1,0,22,11.65,5.29,2.20,1.06,26.8%,12.2%,14.6%,.296,1.82,.404,68.5%,4.83
Adrian Sampson,sa598288,last_45,AAA,33.0,WSN (AAA),Total,- - -,- - -,3,2,0,1.84,0,0,0,14.2,58,12,3,3,0,4,0,1,0,1,17,10.43,2.45,4.25,0.00,29.3%,6.9%,22.4%,.226,1.09,.333,82.4%,2.14
Dylan Floro,sa502066,last_45,AAA,34.0,OAK (AAA),Total,- - -,- - -,0,0,0,5.40,0,0,0,1.2,9,4,1,1,0,1,0,0,1,0,2,10.80,5.40,2.00,0.00,22.2%,11.1%,11.1%,.500,3.00,.667,80.0%,3.35
Dylan Floro,sa502066,last_60,AAA,34.0,OAK (AAA),Total,- - -,- - -,0,0,1,5.79,0,0,0,4.2,22,7,4,3,1,1,0,0,1,0,3,5.79,1.93,3.00,1.93,13.6%,4.5%,9.1%,.333,1.71,.353,60.6%,6.09
Lucas Sims,sa657914,last_60,AAA,31.0,PHI (AAA),Total,- - -,- - -,0,1,0,6.43,0,0,0,14.0,65,11,10,10,0,13,0,4,2,0,14,9.00,8.36,1.08,0.00,21.5%,20.0%,1.5%,.229,1.71,.324,64.3%,5.12
Lucas Sims,sa657914,last_45,AAA,31.0,PHI (AAA),Total,- - -,- - -,0,1,0,10.00,0,0,0,9.0,45,7,10,10,0,11,0,4,2,0,8,8.00,11.00,0.73,0.00,17.8%,24.4%,-6.7%,.233,2.00,.318,54.5%,6.70
Michael Fulmer,sa597764,last_45,AAA,32.0,- - -,Total,- - -,- - -,0,0,1,6.94,0,0,2,11.2,52,13,10,9,1,4,0,1,0,0,14,10.80,3.09,3.50,0.77,26.9%,7.7%,19.2%,.277,1.46,.375,48.2%,3.48
Lucas Sims,sa657914,last_15,AAA,31.0,PHI (AAA),Total,- - -,- - -,0,0,0,2.25,0,0,0,4.0,16,4,1,1,0,2,0,1,1,0,3,6.75,4.50,1.50,0.00,18.8%,12.5%,6.3%,.308,1.50,.400,85.7%,4.23
Lucas Sims,sa657914,last_30,AAA,31.0,PHI (AAA),Total,- - -,- - -,0,0,0,4.26,0,0,0,6.1,28,6,3,3,0,3,0,3,2,0,6,8.53,4.26,2.00,0.00,21.4%,10.7%,10.7%,.273,1.42,.375,75.0%,4.43
Adrian Sampson,sa598288,last_15,AAA,33.0,WSN (AAA),Total,- - -,- - -,2,1,0,2.79,0,0,0,9.2,38,8,3,3,0,3,0,0,0,0,16,14.90,2.79,5.33,0.00,42.1%,7.9%,34.2%,.229,1.14,.421,72.7%,1.03
Matt Bowman,sa658240,last_45,AAA,34.0,BAL (AAA),Total,- - -,- - -,0,0,2,2.45,0,0,1,11.0,43,8,3,3,2,2,0,0,0,0,12,9.82,1.64,6.00,1.64,27.9%,4.7%,23.3%,.195,0.91,.222,97.2%,4.21
Matt Bowman,sa658240,last_30,AAA,34.0,BAL (AAA),Total,- - -,- - -,0,0,2,3.86,0,0,0,7.0,27,4,3,3,2,2,0,0,0,0,8,10.29,2.57,4.00,2.57,29.6%,7.4%,22.2%,.160,0.86,.133,93.8%,5.77
Matt Bowman,sa658240,last_60,AAA,34.0,BAL (AAA),Total,- - -,- - -,0,0,2,2.77,0,0,1,13.0,53,11,4,4,2,2,0,0,0,0,14,9.69,1.38,7.00,1.38,26.4%,3.8%,22.6%,.216,1.00,.257,88.2%,3.79
Blake Snell,sa597786,last_60,AAA,32.0,LAD (AAA),Total,- - -,- - -,4,0,1,1.32,0,0,0,13.2,53,8,2,2,0,5,0,0,2,0,24,15.80,3.29,4.80,0.00,45.3%,9.4%,35.8%,.167,0.95,.333,84.6%,1.66
Blake Snell,sa597786,last_45,AAA,32.0,LAD (AAA),Total,- - -,- - -,4,0,1,1.32,0,0,0,13.2,53,8,2,2,0,5,0,0,2,0,24,15.80,3.29,4.80,0.00,45.3%,9.4%,35.8%,.167,0.95,.333,84.6%,1.66
Matt Bowman,sa658240,last_15,AAA,34.0,BAL (AAA),Total,- - -,- - -,0,0,2,5.40,0,0,0,5.0,21,4,3,3,2,2,0,0,0,0,6,10.80,3.60,3.00,3.60,28.6%,9.5%,19.0%,.211,1.20,.182,93.8%,7.48
Blake Snell,sa597786,last_30,AAA,32.0,LAD (AAA),Total,- - -,- - -,4,0,1,1.32,0,0,0,13.2,53,8,2,2,0,5,0,0,2,0,24,15.80,3.29,4.80,0.00,45.3%,9.4%,35.8%,.167,0.95,.333,84.6%,1.66
Blake Snell,sa597786,last_15,AAA,32.0,LAD (AAA),Total,- - -,- - -,2,0,0,1.04,0,0,0,8.2,33,4,1,1,0,5,0,0,0,0,13,13.50,5.19,2.60,0.00,39.4%,15.2%,24.2%,.143,1.04,.267,88.9%,2.68
Carl Edwards Jr.,sa602909,last_45,AAA,33.0,- - -,Total,- - -,- - -,2,1,0,6.10,0,0,0,10.1,43,12,7,7,3,2,0,1,0,0,10,8.71,1.74,5.00,2.61,23.3%,4.7%,18.6%,.300,1.35,.333,74.1%,6.66
Tayler Scott,sa597840,last_45,AAA,33.0,- - -,Total,- - -,- - -,0,0,1,1.35,0,0,0,6.2,26,2,1,1,0,5,0,0,0,0,7,9.45,6.75,1.40,0.00,26.9%,19.2%,7.7%,.095,1.05,.143,85.7%,4.10
Carl Edwards Jr.,sa602909,last_15,AAA,33.0,- - -,Total,- - -,- - -,2,1,0,6.10,0,0,0,10.1,43,12,7,7,3,2,0,1,0,0,10,8.71,1.74,5.00,2.61,23.3%,4.7%,18.6%,.300,1.35,.333,74.1%,6.66
Tayler Scott,sa597840,last_30,AAA,33.0,- - -,Total,- - -,- - -,0,0,1,1.35,0,0,0,6.2,26,2,1,1,0,5,0,0,0,0,7,9.45,6.75,1.40,0.00,26.9%,19.2%,7.7%,.095,1.05,.143,85.7%,4.10
Carl Edwards Jr.,sa602909,last_30,AAA,33.0,- - -,Total,- - -,- - -,2,1,0,6.10,0,0,0,10.1,43,12,7,7,3,2,0,1,0,0,10,8.71,1.74,5.00,2.61,23.3%,4.7%,18.6%,.300,1.35,.333,74.1%,6.66
Tayler Scott,sa597840,last_60,AAA,33.0,- - -,Total,- - -,- - -,0,1,1,0.90,0,0,1,10.0,36,3,1,1,0,5,0,0,0,0,11,9.90,4.50,2.20,0.00,30.6%,13.9%,16.7%,.097,0.80,.150,87.5%,3.25
Jack López,sa598270,last_45,AAA,32.0,SEA (AAA),Total,- - -,- - -,0,0,0,9.00,0,0,0,1.0,5,2,1,1,1,0,0,0,0,0,2,18.00,0.00,2.00,9.00,40.0%,0.0%,40.0%,.400,2.00,.500,100.0%,12.95
Tayler Scott,sa597840,last_15,AAA,33.0,- - -,Total,- - -,- - -,0,0,0,0.00,0,0,0,5.0,17,2,0,0,0,1,0,0,0,0,4,7.20,1.80,4.00,0.00,23.5%,5.9%,17.6%,.125,0.60,.167,100.0%,2.95
Jack López,sa598270,last_60,AAA,32.0,SEA (AAA),Total,- - -,- - -,0,0,0,9.00,0,0,0,1.0,5,2,1,1,1,0,0,0,0,0,2,18.00,0.00,2.00,9.00,40.0%,0.0%,40.0%,.400,2.00,.500,100.0%,12.95
Carl Edwards Jr.,sa602909,last_60,AAA,33.0,- - -,Total,- - -,- - -,2,1,0,6.10,0,0,0,10.1,43,12,7,7,3,2,0,1,0,0,10,8.71,1.74,5.00,2.61,23.3%,4.7%,18.6%,.300,1.35,.333,74.1%,6.66
John Gant,sa599212,last_30,AAA,32.0,KCR (AAA),Total,- - -,- - -,4,1,1,4.41,0,0,0,16.1,67,15,8,8,2,10,0,0,2,0,8,4.41,5.51,0.80,1.10,11.9%,14.9%,-3.0%,.263,1.53,.277,76.6%,5.93
John Gant,sa599212,last_45,AAA,32.0,KCR (AAA),Total,- - -,- - -,7,1,3,7.27,0,0,0,26.0,125,34,23,21,3,18,0,0,4,0,18,6.23,6.23,1.00,1.04,14.4%,14.4%,0.0%,.318,2.00,.360,60.7%,5.67
John Gant,sa599212,last_15,AAA,32.0,KCR (AAA),Total,- - -,- - -,2,1,1,11.37,0,0,0,6.1,30,8,8,8,2,3,0,0,1,0,6,8.53,4.26,2.00,2.84,20.0%,10.0%,10.0%,.296,1.74,.316,36.6%,7.11
Joey Krehbiel,sa598762,last_15,AAA,32.0,- - -,Total,- - -,- - -,0,0,0,10.80,0,0,1,3.1,20,6,4,4,1,4,0,0,0,0,4,10.80,10.80,1.00,2.70,20.0%,20.0%,0.0%,.375,3.00,.455,69.8%,8.58
Joey Krehbiel,sa598762,last_45,AAA,32.0,- - -,Total,- - -,- - -,0,0,1,5.73,0,0,1,11.0,53,13,10,7,2,6,0,0,0,0,11,9.00,4.91,1.83,1.64,20.8%,11.3%,9.4%,.277,1.73,.324,55.6%,5.48
John Gant,sa599212,last_60,AAA,32.0,KCR (AAA),Total,- - -,- - -,9,2,3,5.35,0,0,0,37.0,166,41,24,22,3,20,0,0,4,0,28,6.81,4.86,1.40,0.73,16.9%,12.0%,4.8%,.281,1.65,.330,65.1%,4.64
Joey Krehbiel,sa598762,last_60,AAA,32.0,- - -,Total,- - -,- - -,0,0,1,4.80,0,0,2,15.0,72,16,12,8,2,8,0,1,0,0,17,10.20,4.80,2.13,1.20,23.6%,11.1%,12.5%,.254,1.60,.318,58.6%,4.75
Joey Krehbiel,sa598762,last_30,AAA,32.0,- - -,Total,- - -,- - -,0,0,1,9.00,0,0,1,7.0,38,11,8,7,2,6,0,0,0,0,8,10.29,7.71,1.33,2.57,21.1%,15.8%,5.3%,.344,2.43,.409,63.4%,7.48
Austin Adams,sa658119,last_45,AAA,34.0,BOS (AAA),Total,- - -,- - -,0,0,0,8.64,0,0,0,8.1,44,11,9,8,1,7,0,1,0,0,11,11.88,7.56,1.57,1.08,25.0%,15.9%,9.1%,.306,2.16,.417,56.8%,5.28
Austin Adams,sa658119,last_15,AAA,34.0,BOS (AAA),Total,- - -,- - -,0,0,0,30.86,0,0,0,2.1,17,8,8,8,1,2,0,0,0,0,3,11.57,7.71,1.50,3.86,17.6%,11.8%,5.9%,.533,4.29,.636,23.3%,9.05
Paul Sewald,sa658150,last_60,AAA,35.0,CLE (AAA),Total,- - -,- - -,1,0,0,4.50,0,0,0,4.0,15,4,2,2,1,0,0,0,0,0,5,11.25,0.00,5.00,2.25,33.3%,0.0%,33.3%,.267,1.00,.333,76.9%,4.05
Austin Adams,sa658119,last_60,AAA,34.0,BOS (AAA),Total,- - -,- - -,0,1,0,9.69,0,0,0,13.0,69,20,15,14,1,9,0,3,0,0,15,10.38,6.23,1.67,0.69,21.7%,13.0%,8.7%,.351,2.23,.463,55.6%,4.94
Paul Sewald,sa658150,last_45,AAA,35.0,CLE (AAA),Total,- - -,- - -,1,0,0,4.50,0,0,0,4.0,15,4,2,2,1,0,0,0,0,0,5,11.25,0.00,5.00,2.25,33.3%,0.0%,33.3%,.267,1.00,.333,76.9%,4.05
Paul Sewald,sa658150,last_30,AAA,35.0,CLE (AAA),Total,- - -,- - -,0,0,0,0.00,0,0,0,1.0,3,0,0,0,0,0,0,0,0,0,2,18.00,0.00,2.00,0.00,66.7%,0.0%,66.7%,.000,0.00,.000,100.0%,-0.52
Austin Adams,sa658119,last_30,AAA,34.0,BOS (AAA),Total,- - -,- - -,0,0,0,11.37,0,0,0,6.1,36,11,8,8,1,6,0,1,0,0,8,11.37,8.53,1.33,1.42,22.2%,16.7%,5.6%,.379,2.68,.500,60.2%,6.32
Dietrich Enns,sa579749,last_45,AAA,34.0,DET (AAA),Total,- - -,- - -,1,0,0,5.79,0,0,0,4.2,20,4,3,3,2,1,0,0,0,0,10,19.29,1.93,10.00,3.86,50.0%,5.0%,45.0%,.211,1.07,.286,90.9%,5.41
Dietrich Enns,sa579749,last_60,AAA,34.0,DET (AAA),Total,- - -,- - -,3,1,1,3.21,0,0,0,14.0,60,13,6,5,2,3,0,1,0,0,20,12.86,1.93,6.67,1.29,33.3%,5.0%,28.3%,.232,1.14,.324,77.5%,3.34
Frankie Montas,sa551258,last_45,AAA,32.0,NYM (AAA),Total,- - -,- - -,1,0,1,9.00,0,0,0,5.0,23,7,5,5,1,1,0,0,1,0,2,3.60,1.80,2.00,1.80,8.7%,4.3%,4.3%,.318,1.60,.316,45.5%,5.88
Frankie Montas,sa551258,last_60,AAA,32.0,NYM (AAA),Total,- - -,- - -,4,0,3,13.19,0,0,0,14.1,76,26,21,21,8,6,0,2,1,0,8,5.02,3.77,1.33,5.02,10.5%,7.9%,2.6%,.382,2.23,.346,57.0%,11.30
Joel Payamps,sa597219,last_45,AAA,31.0,MIL (AAA),Total,- - -,- - -,0,1,1,3.86,0,0,3,11.2,50,14,7,5,0,2,0,0,0,0,13,10.03,1.54,6.50,0.00,26.0%,4.0%,22.0%,.292,1.37,.400,56.3%,1.77
Joel Payamps,sa597219,last_15,AAA,31.0,MIL (AAA),Total,- - -,- - -,0,0,0,6.75,0,0,1,4.0,21,8,4,3,0,1,0,0,0,0,3,6.75,2.25,3.00,0.00,14.3%,4.8%,9.5%,.400,2.25,.471,55.6%,2.73
Joel Payamps,sa597219,last_60,AAA,31.0,MIL (AAA),Total,- - -,- - -,0,1,1,3.45,0,0,3,15.2,64,16,8,6,0,3,0,0,0,0,17,9.77,1.72,5.67,0.00,26.6%,4.7%,21.9%,.262,1.21,.364,57.9%,1.89
Joel Payamps,sa597219,last_30,AAA,31.0,MIL (AAA),Total,- - -,- - -,0,0,0,5.40,0,0,3,8.1,38,12,6,5,0,1,0,0,0,0,8,8.64,1.08,8.00,0.00,21.1%,2.6%,18.4%,.324,1.56,.414,53.8%,1.92
Ty Blach,sa658009,last_60,AAA,34.0,TEX (AAA),Total,- - -,- - -,7,3,0,4.11,0,0,0,30.2,135,39,20,14,2,5,0,2,1,0,25,7.34,1.47,5.00,0.59,18.5%,3.7%,14.8%,.305,1.43,.366,60.2%,3.85
Ty Blach,sa658009,last_30,AAA,34.0,TEX (AAA),Total,- - -,- - -,2,0,0,1.50,0,0,0,6.0,25,4,3,1,0,2,0,0,1,0,6,9.00,3.00,3.00,0.00,24.0%,8.0%,16.0%,.174,1.00,.235,50.0%,2.95
Tyler Glasnow,sa597835,last_30,AAA,31.0,LAD (AAA),Total,- - -,- - -,1,0,0,6.23,0,0,0,4.1,19,6,3,3,1,1,0,0,0,0,8,16.62,2.08,8.00,2.08,42.1%,5.3%,36.8%,.333,1.62,.556,71.4%,3.95
Amir Garrett,sa599236,last_60,AAA,33.0,TOR (AAA),Total,- - -,- - -,1,0,1,7.36,0,0,1,11.0,46,9,9,9,2,4,0,1,0,0,14,11.45,3.27,3.50,1.64,30.4%,8.7%,21.7%,.220,1.18,.280,44.6%,4.70
Amir Garrett,sa599236,last_45,AAA,33.0,TOR (AAA),Total,- - -,- - -,1,0,1,7.36,0,0,1,11.0,46,9,9,9,2,4,0,1,0,0,14,11.45,3.27,3.50,1.64,30.4%,8.7%,21.7%,.220,1.18,.280,44.6%,4.70
Jackson Stephens,sa658342,last_15,AAA,31.0,ATL (AAA),Total,- - -,- - -,0,0,0,1.80,0,0,0,5.0,18,1,1,1,0,2,0,0,0,0,0,0.00,3.60,0.00,0.00,0.0%,11.1%,-11.1%,.063,0.60,.063,66.7%,4.68
J.B. Wendelken,sa658247,last_60,AAA,32.0,SDP (AAA),Total,- - -,- - -,2,1,1,8.24,0,0,0,19.2,90,26,19,18,1,10,0,2,2,0,21,9.61,4.58,2.10,0.46,23.3%,11.1%,12.2%,.333,1.83,.446,51.9%,4.05
J.B. Wendelken,sa658247,last_45,AAA,32.0,SDP (AAA),Total,- - -,- - -,1,1,1,9.17,0,0,0,17.2,83,25,19,18,1,10,0,1,2,0,20,10.19,5.09,2.00,0.51,24.1%,12.0%,12.0%,.347,1.98,.471,49.1%,3.95
Jackson Stephens,sa658342,last_45,AAA,31.0,ATL (AAA),Total,- - -,- - -,3,1,0,0.78,0,0,0,23.0,83,7,2,2,0,10,0,1,0,0,20,7.83,3.91,2.00,0.00,24.1%,12.0%,12.0%,.097,0.74,.135,88.9%,3.18
Amir Garrett,sa599236,last_30,AAA,33.0,TOR (AAA),Total,- - -,- - -,0,0,0,3.12,0,0,1,8.2,33,3,3,3,0,4,0,1,0,0,9,9.35,4.15,2.25,0.00,27.3%,12.1%,15.2%,.107,0.81,.158,62.5%,3.15
J.B. Wendelken,sa658247,last_15,AAA,32.0,SDP (AAA),Total,- - -,- - -,0,0,1,8.10,0,0,0,6.2,30,7,6,6,1,4,0,0,0,0,10,13.50,5.40,2.50,1.35,33.3%,13.3%,20.0%,.269,1.65,.400,52.1%,4.15
José Ruiz,sa657492,last_60,AAA,30.0,- - -,Total,- - -,- - -,0,0,2,5.56,0,0,2,11.1,49,16,7,7,0,2,0,0,0,0,11,8.74,1.59,5.50,0.00,22.4%,4.1%,18.4%,.340,1.59,.444,61.1%,2.22
Jackson Stephens,sa658342,last_60,AAA,31.0,ATL (AAA),Total,- - -,- - -,3,2,0,1.27,0,0,0,28.1,107,15,4,4,0,11,0,1,0,0,24,7.62,3.49,2.18,0.00,22.4%,10.3%,12.1%,.158,0.92,.211,85.2%,3.06
J.B. Wendelken,sa658247,last_30,AAA,32.0,SDP (AAA),Total,- - -,- - -,0,0,1,7.71,0,0,0,11.2,53,13,10,10,1,8,0,0,1,0,14,10.80,6.17,1.75,0.77,26.4%,15.1%,11.3%,.289,1.80,.400,56.1%,4.17
Jackson Stephens,sa658342,last_30,AAA,31.0,ATL (AAA),Total,- - -,- - -,1,0,0,1.29,0,0,0,14.0,53,6,2,2,0,7,0,1,0,0,8,5.14,4.50,1.14,0.00,15.1%,13.2%,1.9%,.133,0.93,.162,85.7%,4.05
José Ruiz,sa657492,last_45,AAA,30.0,- - -,Total,- - -,- - -,0,0,2,5.56,0,0,2,11.1,49,16,7,7,0,2,0,0,0,0,11,8.74,1.59,5.50,0.00,22.4%,4.1%,18.4%,.340,1.59,.444,61.1%,2.22
Keone Kela,sa602412,last_60,AAA,32.0,CHW (AAA),Total,- - -,- - -,0,0,0,5.40,0,0,0,3.1,14,2,2,2,1,2,0,0,0,0,6,16.20,5.40,3.00,2.70,42.9%,14.3%,28.6%,.167,1.20,.200,76.9%,5.58
Ty Blach,sa658009,last_45,AAA,34.0,TEX (AAA),Total,- - -,- - -,4,2,0,3.94,0,0,0,16.0,71,20,9,7,0,3,0,2,1,0,11,6.19,1.69,3.67,0.00,15.5%,4.2%,11.3%,.303,1.44,.364,64.0%,3.51
José Ruiz,sa657492,last_15,AAA,30.0,- - -,Total,- - -,- - -,0,0,0,7.36,0,0,0,3.2,18,7,3,3,0,1,0,0,0,0,5,12.27,2.45,5.00,0.00,27.8%,5.6%,22.2%,.412,2.18,.583,62.5%,2.04
José Ruiz,sa657492,last_30,AAA,30.0,- - -,Total,- - -,- - -,0,0,2,5.79,0,0,2,9.1,40,12,6,6,0,2,0,0,0,0,10,9.64,1.93,5.00,0.00,25.0%,5.0%,20.0%,.316,1.50,.429,57.1%,2.16
Tyler Glasnow,sa597835,last_60,AAA,31.0,LAD (AAA),Total,- - -,- - -,3,0,0,8.31,0,0,0,8.2,43,13,8,8,1,5,0,1,2,0,12,12.46,5.19,2.40,1.04,27.9%,11.6%,16.3%,.351,2.08,.500,62.5%,4.76
Tyler Glasnow,sa597835,last_45,AAA,31.0,LAD (AAA),Total,- - -,- - -,3,0,0,8.31,0,0,0,8.2,43,13,8,8,1,5,0,1,2,0,12,12.46,5.19,2.40,1.04,27.9%,11.6%,16.3%,.351,2.08,.500,62.5%,4.76
Paul Blackburn,sa657872,last_45,AAA,31.0,NYM (AAA),Total,- - -,- - -,3,1,1,1.80,0,0,0,15.0,59,11,3,3,0,4,0,0,1,0,19,11.40,2.40,4.75,0.00,32.2%,6.8%,25.4%,.200,1.00,.306,80.0%,1.77
Amir Garrett,sa599236,last_15,AAA,33.0,TOR (AAA),Total,- - -,- - -,0,0,0,5.40,0,0,1,3.1,14,1,2,2,0,3,0,0,0,0,3,8.10,8.10,1.00,0.00,21.4%,21.4%,0.0%,.091,1.20,.125,50.0%,4.38
Paul Blackburn,sa657872,last_60,AAA,31.0,NYM (AAA),Total,- - -,- - -,3,1,1,1.80,0,0,0,15.0,59,11,3,3,0,4,0,0,1,0,19,11.40,2.40,4.75,0.00,32.2%,6.8%,25.4%,.200,1.00,.306,80.0%,1.77
Buck Farmer,sa503628,last_30,AAA,34.0,- - -,Total,- - -,- - -,0,1,0,3.55,0,0,1,12.2,52,12,5,5,0,3,0,1,0,0,10,7.11,2.13,3.33,0.00,19.2%,5.8%,13.5%,.250,1.18,.316,68.8%,3.52
Paul Blackburn,sa657872,last_30,AAA,31.0,NYM (AAA),Total,- - -,- - -,3,1,1,1.80,0,0,0,15.0,59,11,3,3,0,4,0,0,1,0,19,11.40,2.40,4.75,0.00,32.2%,6.8%,25.4%,.200,1.00,.306,80.0%,1.77
Paul Blackburn,sa657872,last_15,AAA,31.0,NYM (AAA),Total,- - -,- - -,3,1,1,1.80,0,0,0,15.0,59,11,3,3,0,4,0,0,1,0,19,11.40,2.40,4.75,0.00,32.2%,6.8%,25.4%,.200,1.00,.306,80.0%,1.77
Buck Farmer,sa503628,last_45,AAA,34.0,- - -,Total,- - -,- - -,0,1,0,3.55,0,0,1,12.2,52,12,5,5,0,3,0,1,0,0,10,7.11,2.13,3.33,0.00,19.2%,5.8%,13.5%,.250,1.18,.316,68.8%,3.52
Joe Mantiply,sa503764,last_45,AAA,34.0,- - -,Total,- - -,- - -,0,0,0,0.00,0,0,0,1.0,5,2,1,0,0,0,0,0,0,0,0,0.00,0.00,0.00,0.00,0.0%,0.0%,0.0%,.400,2.00,.400,50.0%,3.48
Joe Mantiply,sa503764,last_60,AAA,34.0,- - -,Total,- - -,- - -,0,0,0,0.00,0,0,0,1.0,5,2,1,0,0,0,0,0,0,0,0,0.00,0.00,0.00,0.00,0.0%,0.0%,0.0%,.400,2.00,.400,50.0%,3.48
Joe Mantiply,sa503764,last_15,AAA,34.0,- - -,Total,- - -,- - -,0,0,0,0.00,0,0,0,1.0,5,2,1,0,0,0,0,0,0,0,0,0.00,0.00,0.00,0.00,0.0%,0.0%,0.0%,.400,2.00,.400,50.0%,3.48
Sam Moll,sa709023,last_60,AAA,33.0,CIN (AAA),Total,- - -,- - -,0,0,0,7.50,0,0,0,6.0,29,9,7,5,2,2,0,1,0,0,9,13.50,3.00,4.50,3.00,31.0%,6.9%,24.1%,.346,1.83,.467,54.3%,6.32
Buck Farmer,sa503628,last_60,AAA,34.0,- - -,Total,- - -,- - -,0,1,1,3.78,0,0,1,16.2,70,15,7,7,0,6,0,1,0,0,15,8.10,3.24,2.50,0.00,21.4%,8.6%,12.9%,.238,1.26,.313,68.2%,3.56
Sam Moll,sa709023,last_45,AAA,33.0,CIN (AAA),Total,- - -,- - -,0,0,0,0.00,0,0,0,3.2,14,2,2,0,0,0,0,1,0,0,5,12.27,0.00,5.00,0.00,35.7%,0.0%,35.7%,.154,0.55,.250,33.3%,1.57
Joe Mantiply,sa503764,last_30,AAA,34.0,- - -,Total,- - -,- - -,0,0,0,0.00,0,0,0,1.0,5,2,1,0,0,0,0,0,0,0,0,0.00,0.00,0.00,0.00,0.0%,0.0%,0.0%,.400,2.00,.400,50.0%,3.48
Jon Gray,sa549112,last_30,AAA,33.0,TEX (AAA),Total,- - -,- - -,3,0,0,3.12,0,0,0,8.2,36,10,3,3,1,2,0,0,0,0,8,8.31,2.08,4.00,1.04,22.2%,5.6%,16.7%,.294,1.38,.360,84.9%,4.48
Jon Gray,sa549112,last_15,AAA,33.0,TEX (AAA),Total,- - -,- - -,1,0,0,2.45,0,0,0,3.2,16,3,1,1,0,2,0,0,0,0,5,12.27,4.91,2.50,0.00,31.3%,12.5%,18.8%,.214,1.36,.333,80.0%,2.86
Buck Farmer,sa503628,last_15,AAA,34.0,- - -,Total,- - -,- - -,0,0,0,2.08,0,0,1,4.1,18,3,1,1,0,3,0,1,0,0,3,6.23,6.23,1.00,0.00,16.7%,16.7%,0.0%,.214,1.38,.273,85.7%,4.87
Jon Gray,sa549112,last_45,AAA,33.0,TEX (AAA),Total,- - -,- - -,3,0,0,3.12,0,0,0,8.2,36,10,3,3,1,2,0,0,0,0,8,8.31,2.08,4.00,1.04,22.2%,5.6%,16.7%,.294,1.38,.360,84.9%,4.48
Jon Gray,sa549112,last_60,AAA,33.0,TEX (AAA),Total,- - -,- - -,3,0,0,3.12,0,0,0,8.2,36,10,3,3,1,2,0,0,0,0,8,8.31,2.08,4.00,1.04,22.2%,5.6%,16.7%,.294,1.38,.360,84.9%,4.48
Trevor Gott,sa621611,last_45,AAA,32.0,SEA (AAA),Total,- - -,- - -,0,0,1,6.48,0,0,0,8.1,43,12,8,6,3,4,0,2,1,1,8,8.64,4.32,2.00,3.24,18.6%,9.3%,9.3%,.324,1.92,.346,72.5%,8.87
Trevor Gott,sa621611,last_30,AAA,32.0,SEA (AAA),Total,- - -,- - -,0,0,1,5.40,0,0,0,5.0,24,5,4,3,3,2,0,2,1,1,7,12.60,3.60,3.50,5.40,29.2%,8.3%,20.8%,.250,1.40,.200,100.0%,11.35
Trevor Gott,sa621611,last_15,AAA,32.0,SEA (AAA),Total,- - -,- - -,0,0,0,10.80,0,0,0,1.2,9,3,2,2,2,0,0,1,0,0,2,10.80,0.00,2.00,10.80,22.2%,0.0%,22.2%,.375,1.80,.250,100.0%,18.95
Rob Zastryzny,sa737538,last_45,AAA,33.0,- - -,Total,- - -,- - -,0,0,0,21.60,0,0,0,1.2,12,4,4,4,1,2,0,1,2,0,2,10.80,10.80,1.00,5.40,16.7%,16.7%,0.0%,.444,3.60,.500,53.6%,14.28
Rob Zastryzny,sa737538,last_60,AAA,33.0,- - -,Total,- - -,- - -,0,0,0,21.60,0,0,0,1.2,12,4,4,4,1,2,0,1,2,0,2,10.80,10.80,1.00,5.40,16.7%,16.7%,0.0%,.444,3.60,.500,53.6%,14.28
Trevor Gott,sa621611,last_60,AAA,32.0,SEA (AAA),Total,- - -,- - -,0,1,2,7.15,0,0,0,11.1,57,17,11,9,3,4,0,2,1,1,8,6.35,3.18,2.00,2.38,14.0%,7.0%,7.0%,.333,1.85,.350,63.8%,7.57
Rob Zastryzny,sa737538,last_30,AAA,33.0,- - -,Total,- - -,- - -,0,0,0,21.60,0,0,0,1.2,12,4,4,4,1,2,0,1,2,0,2,10.80,10.80,1.00,5.40,16.7%,16.7%,0.0%,.444,3.60,.500,53.6%,14.28
Rob Zastryzny,sa737538,last_15,AAA,33.0,- - -,Total,- - -,- - -,0,0,0,21.60,0,0,0,1.2,12,4,4,4,1,2,0,1,2,0,2,10.80,10.80,1.00,5.40,16.7%,16.7%,0.0%,.444,3.60,.500,53.6%,14.28
Alan Busenitz,sa738393,last_60,AAA,34.0,CIN (AAA),Total,- - -,- - -,0,0,1,20.25,0,0,0,1.1,7,2,3,3,2,1,0,0,0,0,1,6.75,6.75,1.00,13.50,14.3%,14.3%,0.0%,.333,2.25,.000,0.0%,23.73
Cole Sulser,sa738350,last_15,AAA,35.0,TBR (AAA),Total,- - -,- - -,0,0,0,0.00,0,0,0,2.2,11,3,1,0,0,0,0,0,0,0,2,6.75,0.00,2.00,0.00,18.2%,0.0%,18.2%,.273,1.13,.333,66.7%,1.98
Kevin Herget,sa738986,last_15,AAA,34.0,- - -,Total,- - -,- - -,0,0,0,0.00,0,0,0,1.0,4,2,0,0,0,0,0,0,0,0,0,0.00,0.00,0.00,0.00,0.0%,0.0%,0.0%,.500,2.00,.500,100.0%,3.48
Cole Sulser,sa738350,last_30,AAA,35.0,TBR (AAA),Total,- - -,- - -,0,0,0,1.42,0,0,0,6.1,25,6,2,1,1,1,0,0,0,0,7,9.95,1.42,7.00,1.42,28.0%,4.0%,24.0%,.250,1.11,.313,89.3%,3.80
Cole Sulser,sa738350,last_60,AAA,35.0,TBR (AAA),Total,- - -,- - -,0,1,0,0.77,0,0,2,11.2,44,8,2,1,1,3,0,0,0,0,12,9.26,2.31,4.00,0.77,27.3%,6.8%,20.5%,.195,0.94,.250,93.8%,3.31
Kevin Herget,sa738986,last_60,AAA,34.0,- - -,Total,- - -,- - -,0,1,0,2.92,0,0,0,12.1,52,14,4,4,2,3,0,1,1,0,11,8.03,2.19,3.67,1.46,21.2%,5.8%,15.4%,.292,1.38,.343,92.1%,4.78
Kevin Herget,sa738986,last_45,AAA,34.0,- - -,Total,- - -,- - -,0,1,0,3.24,0,0,0,8.1,34,9,3,3,2,3,0,0,1,0,6,6.48,3.24,2.00,2.16,17.6%,8.8%,8.8%,.290,1.44,.304,97.8%,6.24
Kevin Herget,sa738986,last_30,AAA,34.0,- - -,Total,- - -,- - -,0,1,0,2.25,0,0,0,4.0,17,4,1,1,0,2,0,0,1,0,3,6.75,4.50,1.50,0.00,17.6%,11.8%,5.9%,.267,1.50,.333,83.3%,3.48
Cole Sulser,sa738350,last_45,AAA,35.0,TBR (AAA),Total,- - -,- - -,0,1,0,0.77,0,0,2,11.2,44,8,2,1,1,3,0,0,0,0,12,9.26,2.31,4.00,0.77,27.3%,6.8%,20.5%,.195,0.94,.250,93.8%,3.31
Zack Weiss,sa548466,last_15,AAA,33.0,STL (AAA),Total,- - -,- - -,0,0,0,0.00,0,0,0,4.0,16,2,0,0,0,3,0,0,1,0,3,6.75,6.75,1.00,0.00,18.8%,18.8%,0.0%,.154,1.25,.200,100.0%,4.23
Zack Weiss,sa548466,last_60,AAA,33.0,STL (AAA),Total,- - -,- - -,0,0,0,8.20,0,0,1,18.2,87,24,17,17,7,10,0,0,2,0,23,11.09,4.82,2.30,3.37,26.4%,11.5%,14.9%,.312,1.82,.362,70.2%,7.50
José De León,sa738334,last_30,AAA,32.0,BOS (AAA),Total,- - -,- - -,2,0,1,5.14,0,0,0,14.0,67,13,8,8,1,9,0,3,0,0,17,10.93,5.79,1.89,0.64,25.4%,13.4%,11.9%,.236,1.57,.324,72.0%,4.55
José De León,sa738334,last_60,AAA,32.0,BOS (AAA),Total,- - -,- - -,5,0,1,5.97,0,0,0,28.2,134,26,19,19,2,18,0,5,1,0,36,11.30,5.65,2.00,0.63,26.9%,13.4%,13.4%,.234,1.53,.329,64.9%,4.28
Zack Weiss,sa548466,last_30,AAA,33.0,STL (AAA),Total,- - -,- - -,0,0,0,3.48,0,0,0,10.1,43,9,4,4,2,5,0,0,2,0,12,10.45,4.35,2.40,1.74,27.9%,11.6%,16.3%,.237,1.35,.292,89.3%,5.13
Zack Weiss,sa548466,last_45,AAA,33.0,STL (AAA),Total,- - -,- - -,0,0,0,10.66,0,0,0,12.2,63,19,15,15,6,8,0,0,2,0,16,11.37,5.68,2.00,4.26,25.4%,12.7%,12.7%,.345,2.13,.394,64.5%,9.01
José De León,sa738334,last_45,AAA,32.0,BOS (AAA),Total,- - -,- - -,2,0,1,7.27,0,0,0,17.1,84,17,14,14,2,12,0,4,0,0,19,9.87,6.23,1.58,1.04,22.6%,14.3%,8.3%,.250,1.67,.319,62.9%,5.56
José De León,sa738334,last_15,AAA,32.0,BOS (AAA),Total,- - -,- - -,1,0,0,5.87,0,0,0,7.2,40,9,5,5,1,8,0,1,0,0,9,10.57,9.39,1.13,1.17,22.5%,20.0%,2.5%,.290,2.22,.381,78.3%,6.35
Kendall Graveman,sa621489,last_30,AAA,34.0,ARI (AAA),Total,- - -,- - -,1,0,0,0.00,0,0,0,1.0,5,2,0,0,0,1,0,0,0,0,0,0.00,9.00,0.00,0.00,0.0%,20.0%,-20.0%,.500,3.00,.500,100.0%,7.50
Kendall Graveman,sa621489,last_60,AAA,34.0,ARI (AAA),Total,- - -,- - -,1,0,0,0.00,0,0,0,1.0,5,2,0,0,0,1,0,0,0,0,0,0.00,9.00,0.00,0.00,0.0%,20.0%,-20.0%,.500,3.00,.500,100.0%,7.50
Kendall Graveman,sa621489,last_45,AAA,34.0,ARI (AAA),Total,- - -,- - -,1,0,0,0.00,0,0,0,1.0,5,2,0,0,0,1,0,0,0,0,0,0.00,9.00,0.00,0.00,0.0%,20.0%,-20.0%,.500,3.00,.500,100.0%,7.50
Adam Plutko,sa548327,last_30,AAA,33.0,CIN (AAA),Total,- - -,- - -,2,1,1,4.09,0,0,0,11.0,45,12,5,5,3,2,0,0,0,0,5,4.09,1.64,2.50,2.45,11.1%,4.4%,6.7%,.279,1.27,.257,91.8%,6.66
Adam Plutko,sa548327,last_45,AAA,33.0,CIN (AAA),Total,- - -,- - -,4,2,1,3.24,1,0,0,25.0,95,20,9,9,5,3,0,0,1,0,15,5.40,1.08,5.00,1.80,15.8%,3.2%,12.6%,.217,0.92,.208,87.5%,5.24
Adam Plutko,sa548327,last_60,AAA,33.0,CIN (AAA),Total,- - -,- - -,7,3,2,4.66,1,0,0,36.2,150,38,20,19,9,5,0,1,1,0,18,4.42,1.23,3.60,2.21,12.0%,3.3%,8.7%,.264,1.17,.248,76.4%,6.18
Adam Plutko,sa548327,last_15,AAA,33.0,CIN (AAA),Total,- - -,- - -,1,1,0,3.60,0,0,0,5.0,20,6,2,2,1,0,0,0,0,0,2,3.60,0.00,2.00,1.80,10.0%,0.0%,10.0%,.300,1.20,.294,87.0%,5.28
Sean Manaea,sa709610,last_60,AAA,33.0,NYM (AAA),Total,- - -,- - -,5,0,1,6.27,0,0,0,18.2,88,23,15,13,2,5,0,3,1,1,23,11.09,2.41,4.60,0.96,26.1%,5.7%,20.5%,.288,1.50,.382,56.7%,3.65
Sean Manaea,sa709610,last_30,AAA,33.0,NYM (AAA),Total,- - -,- - -,2,0,0,6.75,0,0,0,6.2,32,10,6,5,1,2,0,0,0,0,8,10.80,2.70,4.00,1.35,25.0%,6.3%,18.8%,.333,1.80,.429,56.6%,3.82
Sean Manaea,sa709610,last_45,AAA,33.0,NYM (AAA),Total,- - -,- - -,2,0,0,4.50,0,0,0,12.0,50,12,7,6,1,2,0,0,0,1,15,11.25,1.50,7.50,0.75,30.0%,4.0%,26.0%,.250,1.17,.344,55.6%,2.51
Wander Suero,sa548041,last_30,AAA,33.0,ATL (AAA),Total,- - -,- - -,0,0,1,5.40,0,0,1,6.2,29,8,5,4,1,1,0,0,0,0,12,16.20,1.35,12.00,1.35,41.4%,3.4%,37.9%,.286,1.35,.467,52.6%,2.28
Wander Suero,sa548041,last_15,AAA,33.0,ATL (AAA),Total,- - -,- - -,0,0,1,6.75,0,0,0,1.1,9,4,2,1,0,1,0,0,0,0,1,6.75,6.75,1.00,0.00,11.1%,11.1%,0.0%,.500,3.75,.571,60.0%,4.23
Brady Feigl,sa824867,last_60,AAA,34.0,MIN (AAA),Total,- - -,- - -,0,0,0,0.00,0,0,0,3.0,14,3,1,0,0,1,0,0,0,0,4,12.00,3.00,4.00,0.00,28.6%,7.1%,21.4%,.231,1.33,.333,75.0%,1.82
Wander Suero,sa548041,last_60,AAA,33.0,ATL (AAA),Total,- - -,- - -,0,0,1,2.30,0,0,5,15.2,62,12,5,4,1,4,0,1,0,0,21,12.06,2.30,5.25,0.57,33.9%,6.5%,27.4%,.211,1.02,.314,76.9%,2.59
Wander Suero,sa548041,last_45,AAA,33.0,ATL (AAA),Total,- - -,- - -,0,0,1,2.84,0,0,4,12.2,49,9,5,4,1,2,0,1,0,0,19,13.50,1.42,9.50,0.71,38.8%,4.1%,34.7%,.196,0.87,.308,66.0%,2.22
Cam Booser,sa754843,last_60,AAA,33.0,CHW (AAA),Total,- - -,- - -,0,1,0,4.76,0,0,1,5.2,26,6,3,3,1,4,0,0,0,0,11,17.47,6.35,2.75,1.59,42.3%,15.4%,26.9%,.273,1.76,.500,81.4%,4.01
Cam Booser,sa754843,last_30,AAA,33.0,CHW (AAA),Total,- - -,- - -,0,1,0,4.76,0,0,1,5.2,26,6,3,3,1,4,0,0,0,0,11,17.47,6.35,2.75,1.59,42.3%,15.4%,26.9%,.273,1.76,.500,81.4%,4.01
Cam Booser,sa754843,last_15,AAA,33.0,CHW (AAA),Total,- - -,- - -,0,0,0,7.36,0,0,1,3.2,18,4,3,3,1,4,0,0,0,0,8,19.64,9.82,2.00,2.45,44.4%,22.2%,22.2%,.286,2.18,.600,75.8%,5.94
Nick Burdi,sa599297,last_60,AAA,32.0,BOS (AAA),Total,- - -,- - -,0,0,0,7.71,0,0,0,2.1,12,4,2,2,0,2,0,0,0,0,2,7.71,7.71,1.00,0.00,16.7%,16.7%,0.0%,.400,2.57,.500,66.7%,4.34
Cam Booser,sa754843,last_45,AAA,33.0,CHW (AAA),Total,- - -,- - -,0,1,0,4.76,0,0,1,5.2,26,6,3,3,1,4,0,0,0,0,11,17.47,6.35,2.75,1.59,42.3%,15.4%,26.9%,.273,1.76,.500,81.4%,4.01
Zach Thompson,sa602893,last_60,AAA,31.0,ATL (AAA),Total,- - -,- - -,4,1,2,7.02,0,0,0,16.2,75,15,15,13,3,11,0,0,0,0,16,8.64,5.94,1.45,1.62,21.3%,14.7%,6.7%,.234,1.56,.267,50.5%,5.75
Zach Thompson,sa602893,last_30,AAA,31.0,ATL (AAA),Total,- - -,- - -,1,1,0,8.59,0,0,0,7.1,35,9,7,7,2,4,0,0,0,0,9,11.05,4.91,2.25,2.45,25.7%,11.4%,14.3%,.290,1.77,.350,58.8%,5.92
Zach Thompson,sa602893,last_45,AAA,31.0,ATL (AAA),Total,- - -,- - -,1,1,0,8.59,0,0,0,7.1,35,9,7,7,2,4,0,0,0,0,9,11.05,4.91,2.25,2.45,25.7%,11.4%,14.3%,.290,1.77,.350,58.8%,5.92
Zach Thompson,sa602893,last_15,AAA,31.0,ATL (AAA),Total,- - -,- - -,1,0,0,3.60,0,0,0,5.0,21,5,2,2,1,1,0,0,0,0,6,10.80,1.80,6.00,1.80,28.6%,4.8%,23.8%,.250,1.20,.308,87.0%,3.99
John Curtiss,sa599322,last_45,AAA,32.0,ARI (AAA),Total,- - -,- - -,0,0,0,0.00,0,0,1,3.2,12,2,0,0,0,0,0,0,0,0,3,7.36,0.00,3.00,0.00,25.0%,0.0%,25.0%,.167,0.55,.222,100.0%,2.31
John Curtiss,sa599322,last_60,AAA,32.0,ARI (AAA),Total,- - -,- - -,0,1,0,6.57,0,0,1,12.1,56,15,10,9,2,4,0,0,0,0,13,9.49,2.92,3.25,1.46,23.2%,7.1%,16.1%,.288,1.54,.351,55.6%,4.92
Brandon Woodruff,sa597893,last_45,AAA,32.0,MIL (AAA),Total,- - -,- - -,1,0,1,9.82,0,0,0,3.2,19,4,4,4,1,3,0,0,0,0,1,2.45,7.36,0.33,2.45,5.3%,15.8%,-10.5%,.250,1.91,.214,53.6%,8.94
Brandon Leibrandt,sa602915,last_60,AAA,32.0,NYY (AAA),Total,- - -,- - -,0,0,0,0.00,0,0,1,3.0,12,2,0,0,0,1,0,0,0,0,3,9.00,3.00,3.00,0.00,25.0%,8.3%,16.7%,.182,1.00,.250,100.0%,2.48
Brandon Woodruff,sa597893,last_60,AAA,32.0,MIL (AAA),Total,- - -,- - -,2,0,1,8.44,0,0,0,5.1,25,5,5,5,1,3,0,0,0,0,2,3.37,5.06,0.67,1.69,8.0%,12.0%,-4.0%,.227,1.50,.211,45.5%,6.86
Justin Anderson,sa829323,last_30,AAA,32.0,CHW (AAA),Total,- - -,- - -,0,0,0,16.87,0,0,0,2.2,15,4,5,5,1,3,0,0,0,0,5,16.87,10.12,1.67,3.37,33.3%,20.0%,13.3%,.333,2.62,.500,35.7%,7.98
Spencer Turnbull,sa827481,last_30,AAA,32.0,- - -,Total,- - -,- - -,2,0,1,9.00,0,0,0,7.0,35,10,7,7,2,3,0,1,0,0,8,10.29,3.86,2.67,2.57,22.9%,8.6%,14.3%,.323,1.86,.381,62.5%,7.21
Justin Anderson,sa829323,last_45,AAA,32.0,CHW (AAA),Total,- - -,- - -,0,0,1,9.82,0,0,2,7.1,42,10,8,8,1,9,0,2,1,0,12,14.73,11.05,1.33,1.23,28.6%,21.4%,7.1%,.323,2.59,.500,66.3%,6.48
Spencer Turnbull,sa827481,last_45,AAA,32.0,- - -,Total,- - -,- - -,2,0,1,9.00,0,0,0,7.0,35,10,7,7,2,3,0,1,0,0,8,10.29,3.86,2.67,2.57,22.9%,8.6%,14.3%,.323,1.86,.381,62.5%,7.21
Justin Anderson,sa829323,last_60,AAA,32.0,CHW (AAA),Total,- - -,- - -,0,0,2,8.18,0,0,3,11.0,62,14,11,10,1,11,0,4,1,0,12,9.82,9.00,1.09,0.82,19.4%,17.7%,1.6%,.298,2.27,.382,65.2%,6.57
Justin Anderson,sa829323,last_15,AAA,32.0,CHW (AAA),Total,- - -,- - -,0,0,0,27.00,0,0,0,0.2,5,1,2,2,0,2,0,0,0,0,1,13.50,27.00,0.50,0.00,20.0%,40.0%,-20.0%,.333,4.50,.500,33.3%,9.48
Spencer Turnbull,sa827481,last_60,AAA,32.0,- - -,Total,- - -,- - -,4,0,3,9.45,0,0,0,13.1,69,19,14,14,2,8,0,2,1,0,12,8.10,5.40,1.50,1.35,17.4%,11.6%,5.8%,.322,2.02,.378,57.3%,6.19
Spencer Turnbull,sa827481,last_15,AAA,32.0,- - -,Total,- - -,- - -,2,0,1,9.00,0,0,0,7.0,35,10,7,7,2,3,0,1,0,0,8,10.29,3.86,2.67,2.57,22.9%,8.6%,14.3%,.323,1.86,.381,62.5%,7.21
Ryan Borucki,sa658266,last_30,AAA,31.0,PIT (AAA),Total,- - -,- - -,1,0,0,1.23,0,0,0,7.1,29,2,1,1,0,4,0,1,0,0,10,12.27,4.91,2.50,0.00,34.5%,13.8%,20.7%,.083,0.82,.143,85.7%,2.80
Ryan Borucki,sa658266,last_45,AAA,31.0,PIT (AAA),Total,- - -,- - -,1,0,0,1.23,0,0,0,7.1,29,2,1,1,0,4,0,1,0,0,10,12.27,4.91,2.50,0.00,34.5%,13.8%,20.7%,.083,0.82,.143,85.7%,2.80
Ryan Borucki,sa658266,last_60,AAA,31.0,PIT (AAA),Total,- - -,- - -,1,0,0,1.23,0,0,0,7.1,29,2,1,1,0,4,0,1,0,0,10,12.27,4.91,2.50,0.00,34.5%,13.8%,20.7%,.083,0.82,.143,85.7%,2.80
Victor González,sa739644,last_60,AAA,29.0,LAA (AAA),Total,- - -,- - -,0,0,0,1.54,0,0,3,11.2,51,8,2,2,1,7,0,1,4,0,9,6.94,5.40,1.29,0.77,17.6%,13.7%,3.9%,.186,1.29,.212,95.9%,5.59
Victor González,sa739644,last_30,AAA,29.0,LAA (AAA),Total,- - -,- - -,0,0,0,1.93,0,0,3,9.1,43,8,2,2,1,6,0,1,2,0,9,8.68,5.79,1.50,0.96,20.9%,14.0%,7.0%,.222,1.50,.269,95.6%,5.66
Victor González,sa739644,last_45,AAA,29.0,LAA (AAA),Total,- - -,- - -,0,0,0,1.54,0,0,3,11.2,51,8,2,2,1,7,0,1,4,0,9,6.94,5.40,1.29,0.77,17.6%,13.7%,3.9%,.186,1.29,.212,95.9%,5.59
Victor González,sa739644,last_15,AAA,29.0,LAA (AAA),Total,- - -,- - -,0,0,0,2.70,0,0,1,3.1,16,3,1,1,0,3,0,0,1,0,6,16.20,8.10,2.00,0.00,37.5%,18.8%,18.8%,.231,1.80,.429,83.3%,3.05
Ryan Borucki,sa658266,last_15,AAA,31.0,PIT (AAA),Total,- - -,- - -,0,0,0,2.08,0,0,0,4.1,17,1,1,1,0,3,0,0,0,0,6,12.46,6.23,2.00,0.00,35.3%,17.6%,17.6%,.071,0.92,.125,75.0%,2.79
Austin Gomber,sa827376,last_60,AAA,31.0,COL (AAA),Total,- - -,- - -,2,0,0,1.13,0,0,0,8.0,31,3,2,1,0,3,0,0,0,0,8,9.00,3.38,2.67,0.00,25.8%,9.7%,16.1%,.107,0.75,.150,66.7%,2.72
Jeff Brigham,sa828882,last_60,AAA,33.0,ARI (AAA),Total,- - -,- - -,1,0,0,0.00,0,0,0,1.0,4,0,0,0,0,2,0,0,0,0,0,0.00,18.00,0.00,0.00,0.0%,50.0%,-50.0%,.000,2.00,.000,100.0%,10.50
Jeff Brigham,sa828882,last_45,AAA,33.0,ARI (AAA),Total,- - -,- - -,1,0,0,0.00,0,0,0,1.0,4,0,0,0,0,2,0,0,0,0,0,0.00,18.00,0.00,0.00,0.0%,50.0%,-50.0%,.000,2.00,.000,100.0%,10.50
Jeff Brigham,sa828882,last_30,AAA,33.0,ARI (AAA),Total,- - -,- - -,1,0,0,0.00,0,0,0,1.0,4,0,0,0,0,2,0,0,0,0,0,0.00,18.00,0.00,0.00,0.0%,50.0%,-50.0%,.000,2.00,.000,100.0%,10.50
Jeff Brigham,sa828882,last_15,AAA,33.0,ARI (AAA),Total,- - -,- - -,1,0,0,0.00,0,0,0,1.0,4,0,0,0,0,2,0,0,0,0,0,0.00,18.00,0.00,0.00,0.0%,50.0%,-50.0%,.000,2.00,.000,100.0%,10.50
Julian Merryweather,sa829363,last_30,AAA,33.0,NYM (AAA),Total,- - -,- - -,0,1,0,5.87,0,0,2,7.2,31,5,5,5,1,3,0,0,1,0,12,14.09,3.52,4.00,1.17,38.7%,9.7%,29.0%,.179,1.04,.267,45.5%,3.22
Julian Merryweather,sa829363,last_60,AAA,33.0,NYM (AAA),Total,- - -,- - -,0,1,0,4.76,0,0,2,11.1,50,7,6,6,1,9,0,0,1,0,15,11.91,7.15,1.67,0.79,30.0%,18.0%,12.0%,.171,1.41,.240,68.5%,4.36
Julian Merryweather,sa829363,last_45,AAA,33.0,NYM (AAA),Total,- - -,- - -,0,1,0,4.76,0,0,2,11.1,50,7,6,6,1,9,0,0,1,0,15,11.91,7.15,1.67,0.79,30.0%,18.0%,12.0%,.171,1.41,.240,68.5%,4.36
Julian Merryweather,sa829363,last_15,AAA,33.0,NYM (AAA),Total,- - -,- - -,0,0,0,11.57,0,0,1,2.1,10,2,3,3,1,1,0,0,1,0,6,23.14,3.86,6.00,3.86,60.0%,10.0%,50.0%,.222,1.29,.500,0.0%,5.20
Vinny Nittoli,sa829353,last_60,AAA,34.0,- - -,Total,- - -,- - -,0,0,1,6.14,0,0,0,14.2,70,20,10,10,3,6,0,0,0,0,15,9.20,3.68,2.50,1.84,21.4%,8.6%,12.9%,.313,1.77,.370,73.4%,5.32
Vinny Nittoli,sa829353,last_30,AAA,34.0,- - -,Total,- - -,- - -,0,0,1,7.36,0,0,0,7.1,35,10,6,6,3,3,0,0,0,0,6,7.36,3.68,2.00,3.68,17.1%,8.6%,8.6%,.313,1.77,.304,79.5%,8.39
Vinny Nittoli,sa829353,last_45,AAA,34.0,- - -,Total,- - -,- - -,0,0,1,8.18,0,0,0,11.0,56,18,10,10,3,5,0,0,0,0,12,9.82,4.09,2.40,2.45,21.4%,8.9%,12.5%,.353,2.09,.417,69.1%,6.21
Aaron Wilkerson,sa834395,last_45,AAA,36.0,- - -,Total,- - -,- - -,6,1,0,1.34,0,0,0,33.2,127,24,5,5,3,9,0,0,0,0,22,5.88,2.41,2.44,0.80,17.3%,7.1%,10.2%,.203,0.98,.226,97.2%,4.14
Vinny Nittoli,sa829353,last_15,AAA,34.0,- - -,Total,- - -,- - -,0,0,0,12.27,0,0,0,3.2,20,7,5,5,2,2,0,0,0,0,3,7.36,4.91,1.50,4.91,15.0%,10.0%,5.0%,.389,2.45,.385,64.5%,10.57
Aaron Wilkerson,sa834395,last_60,AAA,36.0,- - -,Total,- - -,- - -,9,1,1,3.91,0,0,0,48.1,191,43,21,21,10,12,0,1,0,0,32,5.96,2.23,2.67,1.86,16.8%,6.3%,10.5%,.242,1.14,.243,83.3%,5.65
Touki Toussaint,sa828666,last_60,AAA,29.0,LAA (AAA),Total,- - -,- - -,1,1,2,10.25,0,0,1,26.1,142,39,33,30,3,22,0,4,2,1,32,10.94,7.52,1.45,1.03,22.5%,15.5%,7.0%,.336,2.32,.444,52.6%,5.96
Aaron Wilkerson,sa834395,last_15,AAA,36.0,- - -,Total,- - -,- - -,2,1,0,1.50,0,0,0,12.0,45,8,2,2,2,4,0,0,0,0,6,4.50,3.00,1.50,1.50,13.3%,8.9%,4.4%,.195,1.00,.182,100.0%,5.65
Touki Toussaint,sa828666,last_30,AAA,29.0,LAA (AAA),Total,- - -,- - -,0,0,0,9.24,0,0,1,12.2,67,18,14,13,0,9,0,3,0,0,16,11.37,6.39,1.78,0.00,23.9%,13.4%,10.4%,.327,2.13,.462,53.3%,4.26
Eddy Alvarez,sa806877,last_45,AAA,35.0,ATL (AAA),Total,- - -,- - -,0,0,0,0.00,0,0,0,1.0,5,1,0,0,0,0,0,1,0,0,0,0.00,0.00,0.00,0.00,0.0%,0.0%,0.0%,.250,1.00,.250,100.0%,6.48
Eddy Alvarez,sa806877,last_60,AAA,35.0,ATL (AAA),Total,- - -,- - -,0,0,0,0.00,0,0,0,1.0,5,1,0,0,0,0,0,1,0,0,0,0.00,0.00,0.00,0.00,0.0%,0.0%,0.0%,.250,1.00,.250,100.0%,6.48
Touki Toussaint,sa828666,last_15,AAA,29.0,LAA (AAA),Total,- - -,- - -,0,0,0,12.00,0,0,0,3.0,18,5,5,4,0,3,0,1,0,0,5,15.00,9.00,1.67,0.00,27.8%,16.7%,11.1%,.357,2.67,.556,44.4%,4.61
Touki Toussaint,sa828666,last_45,AAA,29.0,LAA (AAA),Total,- - -,- - -,0,1,1,9.15,0,0,1,20.2,108,29,24,21,1,16,0,3,1,0,25,10.89,6.97,1.56,0.44,23.1%,14.8%,8.3%,.326,2.18,.444,51.5%,4.92
Aaron Wilkerson,sa834395,last_30,AAA,36.0,- - -,Total,- - -,- - -,4,1,0,1.19,0,0,0,22.2,85,15,3,3,3,6,0,0,0,0,16,6.35,2.38,2.67,1.19,18.8%,7.1%,11.8%,.190,0.93,.200,100.0%,4.58
Sean Reid-Foley,sa828690,last_45,AAA,29.0,- - -,Total,- - -,- - -,0,0,1,4.15,0,0,0,8.2,45,7,6,4,1,8,0,2,1,0,10,10.38,8.31,1.25,1.04,22.2%,17.8%,4.4%,.200,1.73,.250,70.5%,6.60
Sean Reid-Foley,sa828690,last_60,AAA,29.0,- - -,Total,- - -,- - -,0,0,1,6.23,0,0,1,13.0,73,13,11,9,1,18,0,2,3,0,14,9.69,12.46,0.78,0.69,19.2%,24.7%,-5.5%,.245,2.38,.316,69.6%,7.41
Sean Reid-Foley,sa828690,last_30,AAA,29.0,- - -,Total,- - -,- - -,0,0,0,7.20,0,0,0,5.0,27,4,5,4,1,5,0,2,1,0,5,9.00,9.00,1.00,1.80,18.5%,18.5%,0.0%,.200,1.80,.214,62.5%,8.75
José Castillo,sa739762,last_60,AAA,29.0,- - -,Total,- - -,- - -,0,0,0,1.69,0,0,0,5.1,24,5,1,1,0,5,0,0,0,0,7,11.81,8.44,1.40,0.00,29.2%,20.8%,8.3%,.263,1.88,.417,90.0%,3.67
José Castillo,sa739762,last_30,AAA,29.0,- - -,Total,- - -,- - -,0,0,0,1.69,0,0,0,5.1,24,5,1,1,0,5,0,0,0,0,7,11.81,8.44,1.40,0.00,29.2%,20.8%,8.3%,.263,1.88,.417,90.0%,3.67
José Castillo,sa739762,last_45,AAA,29.0,- - -,Total,- - -,- - -,0,0,0,1.69,0,0,0,5.1,24,5,1,1,0,5,0,0,0,0,7,11.81,8.44,1.40,0.00,29.2%,20.8%,8.3%,.263,1.88,.417,90.0%,3.67
Jalen Beeks,sa827439,last_60,AAA,31.0,ARI (AAA),Total,- - -,- - -,0,0,0,0.00,0,0,0,1.0,3,0,0,0,0,1,0,0,0,0,0,0.00,9.00,0.00,0.00,0.0%,33.3%,-33.3%,.000,1.00,.000,100.0%,6.95
José Castillo,sa739762,last_15,AAA,29.0,- - -,Total,- - -,- - -,0,0,0,0.00,0,0,0,2.0,9,2,0,0,0,2,0,0,0,0,3,13.50,9.00,1.50,0.00,33.3%,22.2%,11.1%,.286,2.00,.500,100.0%,3.48
Jalen Beeks,sa827439,last_45,AAA,31.0,ARI (AAA),Total,- - -,- - -,0,0,0,0.00,0,0,0,1.0,3,0,0,0,0,1,0,0,0,0,0,0.00,9.00,0.00,0.00,0.0%,33.3%,-33.3%,.000,1.00,.000,100.0%,6.95
Jalen Beeks,sa827439,last_30,AAA,31.0,ARI (AAA),Total,- - -,- - -,0,0,0,0.00,0,0,0,1.0,3,0,0,0,0,1,0,0,0,0,0,0.00,9.00,0.00,0.00,0.0%,33.3%,-33.3%,.000,1.00,.000,100.0%,6.95
Jalen Beeks,sa827439,last_15,AAA,31.0,ARI (AAA),Total,- - -,- - -,0,0,0,0.00,0,0,0,1.0,3,0,0,0,0,1,0,0,0,0,0,0.00,9.00,0.00,0.00,0.0%,33.3%,-33.3%,.000,1.00,.000,100.0%,6.95
Michael Kopech,sa828680,last_60,AAA,29.0,LAD (AAA),Total,- - -,- - -,0,0,0,0.00,0,0,0,1.0,4,0,0,0,0,1,0,0,0,0,1,9.00,9.00,1.00,0.00,25.0%,25.0%,0.0%,.000,1.00,.000,100.0%,4.95
Matt Gage,sa827398,last_60,AAA,32.0,- - -,Total,- - -,- - -,0,2,0,0.00,0,0,0,10.1,35,5,1,0,0,2,1,0,0,0,9,7.84,1.74,4.50,0.00,25.7%,5.7%,20.0%,.152,0.68,.208,85.7%,2.56
Matt Gage,sa827398,last_45,AAA,32.0,- - -,Total,- - -,- - -,0,2,0,0.00,0,0,0,5.1,19,2,1,0,0,2,1,0,0,0,4,6.75,3.38,2.00,0.00,21.1%,10.5%,10.5%,.118,0.75,.154,75.0%,3.57
Matt Gage,sa827398,last_30,AAA,32.0,- - -,Total,- - -,- - -,0,2,0,0.00,0,0,0,5.1,19,2,1,0,0,2,1,0,0,0,4,6.75,3.38,2.00,0.00,21.1%,10.5%,10.5%,.118,0.75,.154,75.0%,3.57
Albert Abreu,sa828366,last_60,AAA,29.0,CIN (AAA),Total,- - -,- - -,0,0,0,9.00,0,0,0,4.0,21,8,4,4,0,1,0,0,1,0,2,4.50,2.25,2.00,0.00,9.5%,4.8%,4.8%,.400,2.25,.444,55.6%,3.23
Ryan Burr,sa658938,last_60,AAA,31.0,TOR (AAA),Total,- - -,- - -,0,1,0,0.00,0,0,0,5.1,19,1,0,0,0,3,0,0,0,0,6,10.13,5.06,2.00,0.00,31.6%,15.8%,15.8%,.063,0.75,.100,100.0%,2.93
Ryan Burr,sa658938,last_30,AAA,31.0,TOR (AAA),Total,- - -,- - -,0,0,0,0.00,0,0,0,1.0,3,0,0,0,0,0,0,0,0,0,2,18.00,0.00,2.00,0.00,66.7%,0.0%,66.7%,.000,0.00,.000,100.0%,-0.52
Ryan Burr,sa658938,last_45,AAA,31.0,TOR (AAA),Total,- - -,- - -,0,1,0,0.00,0,0,0,5.1,19,1,0,0,0,3,0,0,0,0,6,10.13,5.06,2.00,0.00,31.6%,15.8%,15.8%,.063,0.75,.100,100.0%,2.93
JT Brubaker,sa875176,last_60,AAA,31.0,NYY (AAA),Total,- - -,- - -,3,1,0,4.63,0,0,0,11.2,48,7,6,6,2,6,0,1,2,0,11,8.49,4.63,1.83,1.54,22.9%,12.5%,10.4%,.171,1.11,.179,71.4%,5.62
Cristian Javier,sa874816,last_60,AAA,28.0,HOU (AAA),Total,- - -,- - -,4,0,1,6.10,0,0,0,10.1,48,8,8,7,0,11,0,0,1,0,9,7.84,9.58,0.82,0.00,18.8%,22.9%,-4.2%,.216,1.84,.286,57.9%,5.19
Tanner Rainey,sa874808,last_60,AAA,32.0,- - -,Total,- - -,- - -,0,0,0,1.46,0,0,2,12.1,52,7,2,2,0,7,0,0,1,0,14,10.22,5.11,2.00,0.00,26.9%,13.5%,13.5%,.156,1.14,.226,85.7%,2.91
Cristian Javier,sa874816,last_45,AAA,28.0,HOU (AAA),Total,- - -,- - -,4,0,1,6.10,0,0,0,10.1,48,8,8,7,0,11,0,0,1,0,9,7.84,9.58,0.82,0.00,18.8%,22.9%,-4.2%,.216,1.84,.286,57.9%,5.19
Cristian Javier,sa874816,last_30,AAA,28.0,HOU (AAA),Total,- - -,- - -,4,0,1,6.10,0,0,0,10.1,48,8,8,7,0,11,0,0,1,0,9,7.84,9.58,0.82,0.00,18.8%,22.9%,-4.2%,.216,1.84,.286,57.9%,5.19
Cristian Javier,sa874816,last_15,AAA,28.0,HOU (AAA),Total,- - -,- - -,3,0,0,5.00,0,0,0,9.0,40,7,5,5,0,8,0,0,1,0,7,7.00,8.00,0.88,0.00,17.5%,20.0%,-2.5%,.219,1.67,.280,66.7%,4.88
Tanner Rainey,sa874808,last_15,AAA,32.0,- - -,Total,- - -,- - -,0,0,0,4.15,0,0,0,4.1,17,2,2,2,0,2,0,0,0,0,5,10.38,4.15,2.50,0.00,29.4%,11.8%,17.6%,.133,0.92,.200,50.0%,2.56
Tanner Rainey,sa874808,last_45,AAA,32.0,- - -,Total,- - -,- - -,0,0,0,1.59,0,0,2,11.1,47,6,2,2,0,7,0,0,1,0,13,10.32,5.56,1.86,0.00,27.7%,14.9%,12.8%,.150,1.15,.222,84.6%,3.04
Tanner Rainey,sa874808,last_30,AAA,32.0,- - -,Total,- - -,- - -,0,0,0,2.84,0,0,1,6.1,26,3,2,2,0,4,0,0,0,0,8,11.37,5.68,2.00,0.00,30.8%,15.4%,15.4%,.136,1.11,.214,71.4%,2.85
Jose Cuas,sa658962,last_30,AAA,31.0,PHI (AAA),Total,- - -,- - -,0,2,0,1.80,0,0,0,10.0,45,6,2,2,0,10,0,0,1,0,10,9.00,9.00,1.00,0.00,22.2%,22.2%,0.0%,.171,1.60,.240,87.5%,4.19
Nabil Crismatt,sa657397,last_60,AAA,30.0,PHI (AAA),Total,- - -,- - -,8,1,3,4.28,0,0,0,40.0,164,42,19,19,8,8,0,1,1,0,25,5.63,1.80,3.13,1.80,15.2%,4.9%,10.4%,.271,1.25,.279,80.4%,5.51
Jose Cuas,sa658962,last_45,AAA,31.0,PHI (AAA),Total,- - -,- - -,0,2,1,1.76,0,0,1,15.1,70,12,4,3,0,11,0,0,1,0,15,8.80,6.46,1.36,0.00,21.4%,15.7%,5.7%,.203,1.50,.273,82.6%,3.38
Nabil Crismatt,sa657397,last_15,AAA,30.0,PHI (AAA),Total,- - -,- - -,2,0,1,7.00,0,0,0,9.0,42,12,7,7,2,4,0,0,0,0,6,6.00,4.00,1.50,2.00,14.3%,9.5%,4.8%,.316,1.78,.333,68.2%,6.37
Nabil Crismatt,sa657397,last_30,AAA,30.0,PHI (AAA),Total,- - -,- - -,3,1,1,6.43,0,0,0,14.0,62,16,10,10,3,6,0,0,0,0,10,6.43,3.86,1.67,1.93,16.1%,9.7%,6.5%,.286,1.57,.302,67.4%,6.12
Nabil Crismatt,sa657397,last_45,AAA,30.0,PHI (AAA),Total,- - -,- - -,6,1,2,4.50,0,0,0,30.0,127,34,15,15,6,7,0,1,1,0,21,6.30,2.10,3.00,1.80,16.5%,5.5%,11.0%,.286,1.37,.304,80.4%,5.48
Jose Cuas,sa658962,last_15,AAA,31.0,PHI (AAA),Total,- - -,- - -,0,1,0,2.08,0,0,0,4.1,21,2,1,1,0,7,0,0,0,0,3,6.23,14.54,0.43,0.00,14.3%,33.3%,-19.0%,.143,2.08,.182,88.9%,6.65
Jose Cuas,sa658962,last_60,AAA,31.0,PHI (AAA),Total,- - -,- - -,0,2,1,1.25,0,0,1,21.2,97,15,4,3,0,15,0,1,1,0,21,8.72,6.23,1.40,0.00,21.6%,15.5%,6.2%,.185,1.38,.250,87.1%,3.46
Angel Perdomo,sa658084,last_60,AAA,31.0,OAK (AAA),Total,- - -,- - -,0,0,0,13.50,0,0,0,0.2,5,1,1,1,1,2,0,0,0,0,0,0.00,27.00,0.00,13.50,0.0%,40.0%,-40.0%,.333,4.50,.000,100.0%,32.45
Patrick Weigel,sa829466,last_45,AAA,30.0,WSN (AAA),Total,- - -,- - -,0,0,1,18.69,0,0,1,4.1,25,8,9,9,2,3,0,2,3,0,4,8.31,6.23,1.33,4.15,16.0%,12.0%,4.0%,.400,2.54,.429,39.2%,11.10
Dillon Tate,sa874239,last_45,AAA,31.0,TOR (AAA),Total,- - -,- - -,0,1,0,0.71,0,0,3,12.2,50,7,1,1,0,5,0,2,0,0,9,6.39,3.55,1.80,0.00,18.0%,10.0%,8.0%,.163,0.95,.206,92.9%,3.72
Dillon Tate,sa874239,last_60,AAA,31.0,TOR (AAA),Total,- - -,- - -,0,2,0,1.53,0,0,3,17.2,77,13,3,3,0,11,0,2,0,0,15,7.64,5.60,1.36,0.00,19.5%,14.3%,5.2%,.203,1.36,.265,88.5%,3.99
Patrick Weigel,sa829466,last_60,AAA,30.0,WSN (AAA),Total,- - -,- - -,0,0,3,21.86,0,0,1,7.0,44,15,18,17,5,7,0,2,3,1,6,7.71,9.00,0.86,6.43,13.6%,15.9%,-2.3%,.429,3.14,.417,35.3%,14.91
Dillon Tate,sa874239,last_30,AAA,31.0,TOR (AAA),Total,- - -,- - -,0,1,0,1.17,0,0,3,7.2,31,5,1,1,0,4,0,1,0,0,4,4.70,4.70,1.00,0.00,12.9%,12.9%,0.0%,.192,1.17,.227,90.0%,4.39
Nestor Cortes,sa738684,last_60,AAA,30.0,MIL (AAA),Total,- - -,- - -,4,1,1,1.00,0,0,0,18.0,69,10,3,2,1,3,0,1,0,0,18,9.00,1.50,6.00,0.50,26.1%,4.3%,21.7%,.154,0.72,.196,87.3%,2.87
Nestor Cortes,sa738684,last_45,AAA,30.0,MIL (AAA),Total,- - -,- - -,4,1,1,1.00,0,0,0,18.0,69,10,3,2,1,3,0,1,0,0,18,9.00,1.50,6.00,0.50,26.1%,4.3%,21.7%,.154,0.72,.196,87.3%,2.87
Nestor Cortes,sa738684,last_30,AAA,30.0,MIL (AAA),Total,- - -,- - -,4,1,1,1.00,0,0,0,18.0,69,10,3,2,1,3,0,1,0,0,18,9.00,1.50,6.00,0.50,26.1%,4.3%,21.7%,.154,0.72,.196,87.3%,2.87
Dillon Tate,sa874239,last_15,AAA,31.0,TOR (AAA),Total,- - -,- - -,0,0,0,3.00,0,0,2,3.0,12,3,1,1,0,1,0,0,0,0,2,6.00,3.00,2.00,0.00,16.7%,8.3%,8.3%,.273,1.33,.333,75.0%,3.15
Nestor Cortes,sa738684,last_15,AAA,30.0,MIL (AAA),Total,- - -,- - -,2,1,1,1.64,0,0,0,11.0,44,6,3,2,1,3,0,1,0,0,12,9.82,2.45,4.00,0.82,27.3%,6.8%,20.5%,.150,0.82,.185,81.4%,3.57
Tayler Saucedo,sa875298,last_45,AAA,32.0,SEA (AAA),Total,- - -,- - -,0,2,0,1.42,0,0,0,6.1,26,6,1,1,1,1,0,0,0,0,9,12.79,1.42,9.00,1.42,34.6%,3.8%,30.8%,.240,1.11,.333,100.0%,3.63
Tayler Saucedo,sa875298,last_60,AAA,32.0,SEA (AAA),Total,- - -,- - -,0,2,0,1.42,0,0,0,6.1,26,6,1,1,1,1,0,0,0,0,9,12.79,1.42,9.00,1.42,34.6%,3.8%,30.8%,.240,1.11,.333,100.0%,3.63
Tayler Saucedo,sa875298,last_15,AAA,32.0,SEA (AAA),Total,- - -,- - -,0,2,0,1.80,0,0,0,5.0,19,4,1,1,1,0,0,0,0,0,8,14.40,0.00,8.00,1.80,42.1%,0.0%,42.1%,.211,0.80,.300,100.0%,3.35
Tyler Jay,sa857588,last_60,AAA,31.0,MIL (AAA),Total,- - -,- - -,0,0,1,8.68,0,0,0,9.1,41,7,9,9,1,6,0,1,1,0,6,5.79,5.79,1.00,0.96,14.6%,14.6%,0.0%,.206,1.39,.222,39.7%,5.84
Tayler Saucedo,sa875298,last_30,AAA,32.0,SEA (AAA),Total,- - -,- - -,0,2,0,1.42,0,0,0,6.1,26,6,1,1,1,1,0,0,0,0,9,12.79,1.42,9.00,1.42,34.6%,3.8%,30.8%,.240,1.11,.333,100.0%,3.63
Tyler Jay,sa857588,last_30,AAA,31.0,MIL (AAA),Total,- - -,- - -,0,0,0,45.00,0,0,0,1.0,8,2,5,5,0,3,0,0,1,0,0,0.00,27.00,0.00,0.00,0.0%,37.5%,-37.5%,.400,5.00,.400,0.0%,12.48
Tyler Jay,sa857588,last_45,AAA,31.0,MIL (AAA),Total,- - -,- - -,0,0,1,12.79,0,0,0,6.1,30,6,9,9,1,5,0,1,1,0,4,5.68,7.11,0.80,1.42,13.3%,16.7%,-3.3%,.250,1.74,.263,28.3%,7.11
Trent Thornton,sa857695,last_60,AAA,31.0,SEA (AAA),Total,- - -,- - -,0,0,0,5.40,0,0,0,1.2,7,2,1,1,1,0,0,0,0,0,1,5.40,0.00,1.00,5.40,14.3%,0.0%,14.3%,.286,1.20,.200,100.0%,10.55
Tyler Gilbert,sa875068,last_60,AAA,31.0,CHW (AAA),Total,- - -,- - -,0,0,0,6.00,0,0,0,3.0,15,4,2,2,1,2,0,0,0,0,2,6.00,6.00,1.00,3.00,13.3%,13.3%,0.0%,.308,2.00,.300,87.0%,8.48
Anthony Misiewicz,sa874099,last_45,AAA,30.0,MIN (AAA),Total,- - -,- - -,0,1,1,7.50,0,0,2,6.0,23,4,6,5,1,3,0,0,0,0,1,1.50,4.50,0.33,1.50,4.3%,13.0%,-8.7%,.200,1.17,.167,17.9%,6.82
Anthony Misiewicz,sa874099,last_30,AAA,30.0,MIN (AAA),Total,- - -,- - -,0,0,0,0.00,0,0,2,2.0,6,0,0,0,0,0,0,0,0,0,1,4.50,0.00,1.00,0.00,16.7%,0.0%,16.7%,.000,0.00,.000,100.0%,2.48
Carson Fulmer,sa658272,last_30,AAA,31.0,- - -,Total,- - -,- - -,0,0,0,0.00,0,0,0,2.0,10,2,1,0,0,2,1,0,0,0,3,13.50,9.00,1.50,0.00,30.0%,20.0%,10.0%,.250,2.00,.400,75.0%,3.95
Carson Fulmer,sa658272,last_60,AAA,31.0,- - -,Total,- - -,- - -,0,1,0,1.54,0,0,0,11.2,53,13,3,2,0,6,1,0,1,0,12,9.26,4.63,2.00,0.00,22.6%,11.3%,11.3%,.277,1.63,.371,84.2%,3.43
Anthony Misiewicz,sa874099,last_60,AAA,30.0,MIN (AAA),Total,- - -,- - -,0,1,2,4.91,0,0,2,11.0,45,9,9,6,1,6,2,0,3,0,6,4.91,4.91,1.00,0.82,13.3%,13.3%,0.0%,.231,1.36,.250,44.1%,5.21
Carson Fulmer,sa658272,last_45,AAA,31.0,- - -,Total,- - -,- - -,0,0,0,2.35,0,0,0,7.2,39,12,3,2,0,4,1,0,0,0,8,9.39,4.70,2.00,0.00,20.5%,10.3%,10.3%,.343,2.09,.444,81.3%,3.43
Josh Sborz,sa827472,last_15,AAA,31.0,TEX (AAA),Total,- - -,- - -,0,0,0,4.76,0,0,0,5.2,26,6,4,3,0,4,0,0,2,0,4,6.35,6.35,1.00,0.00,15.4%,15.4%,0.0%,.273,1.76,.333,60.0%,4.39
Josh Sborz,sa827472,last_30,AAA,31.0,TEX (AAA),Total,- - -,- - -,1,0,0,4.26,0,0,0,6.1,31,8,4,3,0,5,0,0,2,0,5,7.11,7.11,1.00,0.00,16.1%,16.1%,0.0%,.308,2.05,.381,69.2%,4.51
Nick Anderson,sa578957,last_45,AAA,34.0,- - -,Total,- - -,- - -,0,1,1,6.52,0,0,4,9.2,45,9,8,7,1,7,3,0,4,0,11,10.24,6.52,1.57,0.93,24.4%,15.6%,8.9%,.237,1.66,.308,54.8%,5.19
Josh Sborz,sa827472,last_45,AAA,31.0,TEX (AAA),Total,- - -,- - -,1,0,0,4.26,0,0,0,6.1,31,8,4,3,0,5,0,0,2,0,5,7.11,7.11,1.00,0.00,16.1%,16.1%,0.0%,.308,2.05,.381,69.2%,4.51
Josh Sborz,sa827472,last_60,AAA,31.0,TEX (AAA),Total,- - -,- - -,1,0,0,4.26,0,0,0,6.1,31,8,4,3,0,5,0,0,2,0,5,7.11,7.11,1.00,0.00,16.1%,16.1%,0.0%,.308,2.05,.381,69.2%,4.51
Julian Fernández,sa737347,last_60,AAA,29.0,LAD (AAA),Total,- - -,- - -,3,2,0,2.08,0,0,1,17.1,66,10,4,4,0,6,0,0,1,1,21,10.90,3.12,3.50,0.00,31.8%,9.1%,22.7%,.167,0.92,.256,75.0%,2.56
Nick Anderson,sa578957,last_30,AAA,34.0,- - -,Total,- - -,- - -,0,1,0,9.00,0,0,3,5.0,25,4,6,5,0,6,2,0,3,0,7,12.60,10.80,1.17,0.00,28.0%,24.0%,4.0%,.211,2.00,.333,40.0%,4.75
Julian Fernández,sa737347,last_30,AAA,29.0,LAD (AAA),Total,- - -,- - -,1,0,0,0.00,0,0,0,6.2,24,2,0,0,0,3,0,0,1,0,7,9.45,4.05,2.33,0.00,29.2%,12.5%,16.7%,.095,0.75,.143,100.0%,3.20
Nick Anderson,sa578957,last_15,AAA,34.0,- - -,Total,- - -,- - -,0,0,0,4.50,0,0,1,2.0,8,1,1,1,0,1,0,0,0,0,1,4.50,4.50,1.00,0.00,12.5%,12.5%,0.0%,.143,1.00,.167,50.0%,4.45
Brandon Waddell,sa875075,last_60,AAA,31.0,NYM (AAA),Total,- - -,- - -,1,1,0,4.00,0,0,0,9.0,39,9,4,4,1,5,0,1,0,0,10,10.00,5.00,2.00,1.00,25.6%,12.8%,12.8%,.273,1.56,.364,80.9%,4.70
Brandon Waddell,sa875075,last_45,AAA,31.0,NYM (AAA),Total,- - -,- - -,1,1,0,1.23,0,0,0,7.1,29,6,1,1,1,3,0,1,0,0,9,11.05,3.68,3.00,1.23,31.0%,10.3%,20.7%,.240,1.23,.333,100.0%,4.44
Nick Anderson,sa578957,last_60,AAA,34.0,- - -,Total,- - -,- - -,0,1,1,5.11,0,0,4,12.1,57,14,8,7,1,7,3,0,4,0,15,10.95,5.11,2.14,0.73,26.3%,12.3%,14.0%,.280,1.70,.382,66.3%,4.27
Julian Fernández,sa737347,last_15,AAA,29.0,LAD (AAA),Total,- - -,- - -,1,0,0,0.00,0,0,0,4.0,13,0,0,0,0,2,0,0,0,0,3,6.75,4.50,1.50,0.00,23.1%,15.4%,7.7%,.000,0.50,.000,100.0%,3.95
Julian Fernández,sa737347,last_45,AAA,29.0,LAD (AAA),Total,- - -,- - -,2,1,0,0.87,0,0,1,10.1,38,3,1,1,0,5,0,0,1,0,11,9.58,4.35,2.20,0.00,28.9%,13.2%,15.8%,.091,0.77,.136,87.5%,3.27
Scott Effross,sa857667,last_60,AAA,31.0,NYY (AAA),Total,- - -,- - -,0,1,3,7.20,0,0,1,10.0,47,15,10,8,1,2,0,0,1,0,9,8.10,1.80,4.50,0.90,19.1%,4.3%,14.9%,.333,1.70,.400,44.9%,3.58
Connor Overton,sa829179,last_45,AAA,31.0,TOR (AAA),Total,- - -,- - -,2,0,0,2.16,0,0,0,8.1,36,9,3,2,0,2,0,0,0,0,9,9.72,2.16,4.50,0.00,25.0%,5.6%,19.4%,.265,1.32,.360,72.7%,2.11
Connor Overton,sa829179,last_60,AAA,31.0,TOR (AAA),Total,- - -,- - -,3,0,0,1.93,0,0,0,9.1,40,9,3,2,0,3,0,0,0,0,10,9.64,2.89,3.33,0.00,25.0%,7.5%,17.5%,.243,1.29,.333,75.0%,2.38
Scott Effross,sa857667,last_15,AAA,31.0,NYY (AAA),Total,- - -,- - -,0,0,1,108.00,0,0,0,0.1,6,5,4,4,0,0,0,0,0,0,0,0.00,0.00,0.00,0.00,0.0%,0.0%,0.0%,.833,15.00,.833,20.0%,3.48
Scott Effross,sa857667,last_45,AAA,31.0,NYY (AAA),Total,- - -,- - -,0,0,2,8.53,0,0,1,6.1,30,10,7,6,0,1,0,0,1,0,3,4.26,1.42,3.00,0.00,10.0%,3.3%,6.7%,.345,1.74,.385,36.4%,3.01
Scott Effross,sa857667,last_30,AAA,31.0,NYY (AAA),Total,- - -,- - -,0,0,1,18.00,0,0,0,2.0,11,5,4,4,0,0,0,0,0,0,1,4.50,0.00,1.00,0.00,9.1%,0.0%,9.1%,.455,2.50,.500,20.0%,2.48
Junior Fernández,sa831812,last_45,AAA,28.0,- - -,Total,- - -,- - -,0,1,1,3.37,0,0,0,10.2,48,11,4,4,0,7,0,1,1,0,9,7.59,5.91,1.29,0.00,18.8%,14.6%,4.2%,.275,1.69,.355,78.9%,4.04
Junior Fernández,sa831812,last_60,AAA,28.0,- - -,Total,- - -,- - -,0,1,1,3.38,0,0,0,16.0,67,13,6,6,0,8,0,1,1,0,18,10.13,4.50,2.25,0.00,26.9%,11.9%,14.9%,.224,1.31,.325,72.7%,2.92
Junior Fernández,sa831812,last_30,AAA,28.0,- - -,Total,- - -,- - -,0,1,0,0.00,0,0,0,4.2,18,3,0,0,0,1,0,0,0,0,4,7.71,1.93,4.00,0.00,22.2%,5.6%,16.7%,.176,0.86,.231,100.0%,2.41
Kenta Maeda,sa379502,last_60,AAA,37.0,CHC (AAA),Total,- - -,- - -,9,3,3,3.55,0,0,0,50.2,205,36,21,20,7,18,0,2,3,0,41,7.28,3.20,2.28,1.24,20.0%,8.8%,11.2%,.195,1.07,.212,75.8%,4.84
Junior Fernández,sa831812,last_15,AAA,28.0,- - -,Total,- - -,- - -,0,1,0,0.00,0,0,0,3.2,14,3,0,0,0,1,0,0,0,0,4,9.82,2.45,4.00,0.00,28.6%,7.1%,21.4%,.231,1.09,.333,100.0%,2.12
Kenta Maeda,sa379502,last_30,AAA,37.0,CHC (AAA),Total,- - -,- - -,4,2,1,4.03,0,0,0,22.1,92,21,11,10,3,5,0,0,1,0,23,9.27,2.01,4.60,1.21,25.0%,5.4%,19.6%,.241,1.16,.295,68.8%,3.84
Kenta Maeda,sa379502,last_45,AAA,37.0,CHC (AAA),Total,- - -,- - -,7,2,3,3.70,0,0,0,41.1,164,31,18,17,7,11,0,0,3,0,35,7.62,2.40,3.18,1.52,21.3%,6.7%,14.6%,.203,1.02,.216,74.5%,4.79
Kenta Maeda,sa379502,last_15,AAA,37.0,CHC (AAA),Total,- - -,- - -,2,1,0,0.75,0,0,0,12.0,45,5,1,1,1,4,0,0,0,0,12,9.00,3.00,3.00,0.75,26.7%,8.9%,17.8%,.122,0.75,.143,100.0%,3.57
Phil Bickford,sa737441,last_60,AAA,29.0,- - -,Total,- - -,- - -,0,2,0,6.00,0,0,1,12.0,57,11,8,8,1,8,0,3,0,1,12,9.00,6.00,1.50,0.75,21.1%,14.0%,7.0%,.239,1.58,.303,68.0%,5.32
Phil Bickford,sa737441,last_45,AAA,29.0,- - -,Total,- - -,- - -,0,1,0,11.81,0,0,0,5.1,30,7,7,7,0,6,0,1,0,1,4,6.75,10.12,0.67,0.00,13.3%,20.0%,-6.7%,.304,2.44,.368,50.0%,5.92
Hobie Harris,sa876068,last_45,AAA,32.0,BOS (AAA),Total,- - -,- - -,0,0,2,3.93,0,0,2,18.1,81,19,9,8,4,7,0,0,1,0,20,9.82,3.44,2.86,1.96,24.7%,8.6%,16.0%,.257,1.42,.300,83.3%,5.28
Hobie Harris,sa876068,last_60,AAA,32.0,BOS (AAA),Total,- - -,- - -,1,0,2,3.72,0,0,2,19.1,84,19,9,8,4,7,0,0,1,0,22,10.24,3.26,3.14,1.86,26.2%,8.3%,17.9%,.247,1.34,.294,83.3%,4.99
Phil Bickford,sa737441,last_15,AAA,29.0,- - -,Total,- - -,- - -,0,1,0,12.27,0,0,0,3.2,22,6,5,5,0,5,0,0,0,1,1,2.45,12.27,0.20,0.00,4.5%,22.7%,-18.2%,.353,3.00,.375,54.5%,7.03
Hobie Harris,sa876068,last_30,AAA,32.0,BOS (AAA),Total,- - -,- - -,0,0,1,2.92,0,0,2,12.1,54,12,5,4,3,4,0,0,1,0,13,9.49,2.92,3.25,2.19,24.1%,7.4%,16.7%,.240,1.30,.265,93.2%,5.51
Phil Bickford,sa737441,last_30,AAA,29.0,- - -,Total,- - -,- - -,0,1,0,14.54,0,0,0,4.1,27,7,7,7,0,6,0,1,0,1,2,4.15,12.46,0.33,0.00,7.4%,22.2%,-14.8%,.350,3.00,.389,50.0%,7.40
Jake Woodford,sa874753,last_60,AAA,28.0,- - -,Total,- - -,- - -,3,1,1,4.57,0,0,0,21.2,90,24,11,11,3,3,0,1,0,0,20,8.31,1.25,6.67,1.25,22.2%,3.3%,18.9%,.279,1.25,.333,71.4%,3.99
Hobie Harris,sa876068,last_15,AAA,32.0,BOS (AAA),Total,- - -,- - -,0,0,1,4.50,0,0,1,6.0,29,8,4,3,2,2,0,0,1,0,9,13.50,3.00,4.50,3.00,31.0%,6.9%,24.1%,.296,1.67,.375,83.3%,5.82
Jake Woodford,sa874753,last_45,AAA,28.0,- - -,Total,- - -,- - -,1,1,0,3.00,0,0,0,12.0,44,9,4,4,0,2,0,0,0,0,14,10.50,1.50,7.00,0.00,31.8%,4.5%,27.3%,.214,0.92,.321,63.6%,1.65
Miguel Díaz,sa657924,last_15,AAA,30.0,SFG (AAA),Total,- - -,- - -,0,0,0,3.86,0,0,0,4.2,25,8,2,2,0,4,0,0,0,0,4,7.71,7.71,1.00,0.00,16.0%,16.0%,0.0%,.381,2.57,.471,83.3%,4.80
Zack Kelly,sa3004118,last_30,AAA,30.0,BOS (AAA),Total,- - -,- - -,1,0,0,0.00,0,0,0,3.0,11,1,0,0,0,0,0,1,1,0,2,6.00,0.00,2.00,0.00,18.2%,0.0%,18.2%,.100,0.33,.125,100.0%,3.13
Adam Laskey,sa3014851,last_15,AAA,27.0,MIA (AAA),Total,- - -,- - -,2,0,1,6.75,0,0,0,4.0,16,3,3,3,2,0,0,1,0,0,3,6.75,0.00,3.00,4.50,18.8%,0.0%,18.8%,.200,0.75,.100,83.3%,9.23
Carson Ragsdale,sa3014922,last_45,AAA,27.0,SFG (AAA),Total,- - -,- - -,6,3,2,5.52,0,0,0,29.1,123,27,19,18,10,12,0,0,1,1,28,8.59,3.68,2.33,3.07,22.8%,9.8%,13.0%,.243,1.33,.233,80.0%,7.70
Andrew Schultz,sa3010782,last_45,AA,27.0,PHI (AA),Total,- - -,- - -,0,0,0,3.86,0,0,0,2.1,9,1,1,1,0,1,0,0,1,0,2,7.71,3.86,2.00,0.00,22.2%,11.1%,11.1%,.125,0.86,.167,50.0%,2.82
